Area,MajorAxisLength,MinorAxisLength,Eccentricity,ConvexArea,Extent,Perimeter,Class
-0.007186368228293334,0.09757694726280954,-0.023958186812480693,0.4231416366814646,-0.015709027557133555,1.1067426378437466,0.06627396602471022,1
-0.3242171863419545,-0.2090120720145583,-0.2292922188022519,0.22447639014727822,-0.3042481970320827,-0.28777679036133497,-0.1612524532199187,1
0.07829240551784027,0.09775834576355391,0.23698796652123466,0.18623906770155496,0.06211335114534699,-1.1582497434062153,0.1559446810979103,1
-1.0742857297961725,-1.2450512772202311,-0.915273485250472,-1.0696226646007352,-1.0761647146382387,0.0017114741928712692,-1.175914878387313,1
-0.21539336934582642,-0.678957893529461,0.7273535555105383,-2.409827314893785,-0.23862314479290486,1.7452589696345198,-0.3386385610690224,1
-0.9892687261363025,-0.9726991651697403,-1.088166364540881,-0.04642689393360834,-0.9772117562880648,-0.7682023639939392,-1.0382236405773384,1
-1.1624325084851626,-1.0415039556396055,-1.5683531469737064,0.4603672409286993,-1.1603925303767797,-0.6290291135673072,-1.2503486987737318,1
-0.6888616311281318,-0.8491328491246718,-0.381462565235445,-0.8362260028292022,-0.7082079426778821,0.8250657096448762,-0.8498913826714088,1
-1.1684868273939524,-0.9290312139150962,-1.6395189481202548,0.7085177885462688,-1.139801872624846,-0.027639300390466987,-1.1555722168793683,1
-0.6009200835885923,-0.5515629549573685,-0.5347461572755422,0.027844528140308616,-0.6150468737549505,-0.6574327243668259,-0.673810041289847,1
-0.18899551274775575,0.15973552272262312,-0.4435974503706775,0.8253222309749061,-0.16507105744779788,-0.4729207468465173,0.03800402589464332,1
-1.1308012575761042,-1.117590920365704,-1.3518011644384518,0.03009145404669615,-1.1329792232147895,-0.045653956969617014,-1.268341318716889,1
-1.1380869633815969,-1.3306740685305325,-1.0543197370110513,-1.0818847875399167,-1.1302305299272846,-0.1619119255867402,-1.32362029020587,1
-0.2825039552161402,-0.7939285847618546,0.7379952059524371,-3.0017024791294693,-0.30294747610138845,1.3625818025654086,-0.4500407647024523,1
-0.3498454261295858,-0.371913272725978,-0.13270338591383235,-0.13794901637220985,-0.35289025145917713,-0.3616558461959405,-0.29668867447394626,1
-1.39144481737824,-1.4605043243780909,-1.7369434067515597,-0.156953080230638,-1.3594273746773526,-0.3360388224993082,-1.514894668577825,1
-0.5934804544210116,-0.24011228702421572,-0.960816869622819,0.8561930072907392,-0.6078315538752502,1.071599259191372,-0.5023958897655699,1
-0.5911202962023309,-0.6608225299354541,-0.3750049861286706,-0.388491369236114,-0.6006162339955501,-0.08439444341970329,-0.6739379595709785,1
-1.1418324318590685,-1.0920478248729717,-1.434657443545356,0.1979080693790243,-1.140513587851075,0.2681637012742868,-1.2836659287964463,1
-0.4388131294163779,-0.10546961136070118,-0.7584313042206121,0.8226288577983096,-0.4619544744026724,0.5345796436460959,-0.3822404208947114,1
-0.4637743679682951,-0.6618316405280936,-0.03920898510881263,-0.8904705204377831,-0.47456901323997136,0.6529115856339746,-0.4766075642894541,1
-0.7813695717429451,-0.8661805529337785,-0.6413863996625392,-0.46513738119512466,-0.7809501471793492,0.45100278339239763,-0.8685089747880942,1
-0.14818016790078742,-0.29158220530892415,0.2771282777205312,-0.4915659517818969,-0.1658809402914377,-0.24575623352982484,-0.21764979596679257,1
-0.6811911169174194,-1.115990757583152,0.38373454368907894,-4.00792711626345,-0.6492337465182918,-1.0462918777832244,-0.7095357898058661,1
0.2173621631642359,0.13972995385654302,0.41488301926411314,0.07296316503149447,0.16391317040043665,0.08513022742672421,0.05852942780420471,1
-0.31257031861063855,-0.5407029466522375,0.17956206887099055,-0.9185392142206282,-0.33605450507321005,0.5009394325381831,-0.3900434360437345,1
-0.3754993198108984,-0.7836012069627256,0.430875914579837,-2.1872187356811184,-0.40840403910503364,1.482619238183509,-0.5680764449145597,1
-0.6915552899646696,-0.8106024241129696,-0.4608070417314527,-0.6079871917905885,-0.7042076122683885,-0.017217860220702083,-0.7357261441655382,1
-0.1740136388378692,-0.7172495822515487,0.8637214607160593,-2.929128564789087,-0.2118970109527909,1.0863271648107968,-0.37293162483636855,1
-0.7157982194935101,-0.6237616389526552,-0.6322136914003045,0.019827664538878007,-0.6856048487690254,0.8349094388527881,-0.6692634600976293,1
0.024137035956589357,-0.009999043817654877,0.22421640396084508,0.0494895990153762,-0.011561445721523586,0.9834783893396042,-0.011072736363475152,1
-1.179954117869499,-1.0640383861482152,-1.5892870521840237,0.44945547142760317,-1.1620122960640593,-0.03861560282149916,-1.2324364846072862,1
-0.32003560167190054,-0.5751384265544728,0.22775170083976976,-1.0860040446133652,-0.3348764936642794,0.4411016049536959,-0.32935169385887386,1
-0.6722379080226413,-0.6962727537527548,-0.5733530441569278,-0.191640814535318,-0.6819971888291753,0.8855356284728652,-0.7069664597591386,1
-1.0614844368491974,-1.5270065251332385,-0.3719153597819831,-4.5678279153343935,-1.053119866451033,-0.28610217335352284,-1.1753666571824637,1
-1.2042740090793833,-1.562375837953575,-0.8189339862322267,-2.915907976059056,-1.1802223890937786,0.8155446879239125,-1.392462254302825,1
-0.820337836244859,-1.0833009876483564,-0.39684673723683467,-1.5713844192458155,-0.8212234122221655,0.07073657527972046,-0.8764654918744752,1
-0.8625384913506182,-0.5593077437216979,-1.2504694837368608,0.7737969760533563,-0.852489798367533,-1.6484420979610648,-0.720646406224147,1
-0.26516192308757286,-0.21551452218741174,-0.17009896493976773,0.15439643217676643,-0.29367063625605966,0.4123894899135369,-0.23840545078239106,1
-0.9728502341802624,-1.2388103130607884,-0.6465479290225933,-1.6361269505466804,-0.9891882056121929,1.2513434370969998,-1.1773694919841802,1
0.1908873448851213,-0.29176209480702875,1.0565373031562593,-1.640885757182324,0.16693182463582143,1.0018253906545171,0.12968488538562437,1
-0.41918790075017376,-0.576239482833665,-0.013834871403282855,-0.7147211685653144,-0.43981767667651744,0.29896700574133644,-0.47134829553093194,1
-0.275756981177955,-0.4801199613759915,0.1666153321034585,-0.750631980062735,-0.2928116696037144,0.6130254080745209,-0.25811583050074316,1
0.11749155506288593,-0.5391341926817711,1.3255596181296423,-3.2066126810385827,0.06346315588474669,0.9262780989807312,-0.1105383369633172,1
-0.2692152382892203,0.04828763954230094,-0.524563083401,0.7846099067816282,-0.2711411680602611,-1.2685062884212845,-0.09033821296863291,1
-0.775366560621518,-0.8683368202673953,-0.4490040382766163,-0.7762152808439435,-0.7596723161055395,-1.0180763711100516,-0.635178720388126,1
-0.4642361380545587,-0.47841998022454424,-0.30734612981584314,-0.11763404817567662,-0.48752713873820847,0.5177909761076848,-0.5238751965715691,1
-1.187829863229662,-1.4694863892456127,-0.9732189108609807,-1.8692319482058046,-1.1797806348154298,2.335606872235982,-1.372305988004529,1
-1.0775694281873804,-0.8702311928634577,-1.457578706030289,0.5904717906607057,-1.0647281872098704,0.6208043333328763,-1.080067537739477,1
-0.9025329115997845,-1.025545723280855,-0.7295074183808872,-0.7342645141387237,-0.9083226307699749,-0.4550538676535348,-0.9622474912012766,1
-1.0996574306469906,-0.9770855780193501,-1.42456603894849,0.3887296361870955,-1.099135937112386,-0.8108392182087625,-1.1699794701428106,1
0.6886498439836297,0.6656769586871498,0.6898533631422368,0.4545192580470895,0.6657705725092429,-0.32940603746482977,0.6395561895517897,1
-0.5663642887998642,-0.23916121439767185,-0.8889886093795439,0.797632086811672,-0.5844431190271064,-1.5443325270747794,-0.49614616803028666,1
-1.080570933748094,-0.8421736695540167,-1.5355146793411247,0.7123473090960195,-1.0405544114224394,-1.2215403633265773,-0.967810109026482,1
0.606608691990792,0.4085604840273934,0.8835361776987724,-0.004349748308821749,0.5416376202931765,-0.17618476593114601,0.4834629932990376,1
-1.0318798435409626,-1.0702543086244245,-1.028612418221075,-0.3545421451255088,-1.0303449792117072,-0.5938142321426725,-1.112255432080201,1
-0.7869877744591526,-1.0285825298707758,-0.31717086306173375,-1.5332541998325584,-0.766764926463476,-0.11007759922760682,-0.7817036292122407,1
-0.8927074703198418,-0.8411489472512106,-0.9528894176126952,0.029053381057740447,-0.8768844512941384,-0.14619709083645072,-0.8389086845342593,1
-0.48085986116004925,-0.8833364237766702,0.428347700760864,-2.644994057005977,-0.46539034101205345,0.5149092328684614,-0.46180559175852054,1
-1.6012423599040146,-1.7702791991786795,-2.199099133091655,-0.15470299706688,-1.5963794612028808,-0.399784788391257,-1.9985683087682546,1
-0.5395046621155298,-0.7102830223645544,-0.16036221010170776,-0.8248738900888132,-0.5421083340186615,-0.1321413786434545,-0.5940255819440979,1
-1.025261138971184,-1.020332583071358,-1.1156041208368648,-0.1073096836387392,-1.0067111253200363,0.061054676999448276,-1.0885722760307073,1
-0.23686567835708508,0.11116900312246943,-0.5150108140100605,0.8351981763405407,-0.23236495918296082,-1.0725446604918407,-0.031345956518805965,1
-0.5922747214179899,-0.7618586993148351,-0.1752581925100596,-0.9392340835644888,-0.6021869158741243,-0.691766892241688,-0.6137067231981913,1
-0.701432039031975,-0.4965662414044712,-0.9283119453377003,0.5393788030464401,-0.7110548035827978,-0.6329672864074773,-0.6409058045747861,1
-0.7294460909319684,-0.7327781110186301,-0.6518303563871931,-0.1596169635155896,-0.7294366899429864,-0.037838354026457355,-0.6739087211067197,1
-0.8657708819544636,-0.8507524892510092,-0.9180962100672084,-0.035664689807081186,-0.8748474732328625,-0.4669792987443606,-0.9274208254612105,1
0.03670744386043253,0.10852733879004595,0.0892415179008423,0.3358819446294672,0.00036591979389916644,-0.8293139551749324,0.050390170316206996,1
-0.9255188003382406,-0.9468155860819807,-0.9151390767407993,-0.24038163433086385,-0.9392945140631097,0.9802245734437828,-0.9597476025071634,1
-0.4158272406779218,-0.376131888793494,-0.3550150088718935,0.10944280352602215,-0.4206749912813945,0.3560880273895849,-0.35136094782956073,1
0.19350404204061517,0.1775984328720348,0.5151609746389422,0.028463461365781602,0.19805095935507255,-0.4594406871738801,0.32651457196671896,1
-0.7017655396498321,-0.4063933872017202,-0.9271078691052164,0.6490185090206555,-0.6587069215984424,-0.43345250776276883,-0.40827361850899246,1
-0.48224517141884016,-0.44504458071267977,-0.25295352470979765,-0.1237258267167278,-0.44889818128702447,-0.03845401516421718,-0.28891124298114973,1
-0.4947129637479581,-0.497490684877005,-0.3492037182883757,-0.100935590898334,-0.501319688984438,0.24983865043094242,-0.4269314135140337,1
-0.8997622910822027,-1.0429593679906632,-0.6957966264703824,-0.8438879242336724,-0.901868109925209,-0.06789047705302168,-0.9920122478165666,1
-0.9552003553275193,-1.0311675152017667,-0.9241232464043759,-0.4249709412620649,-0.9680085421557941,0.39962473866007403,-1.0676777385098803,1
-0.3073112704059695,-0.34254919715787624,-0.11985042406122014,-0.10202706031017841,-0.33742885171696246,0.8582218875920185,-0.309078473703543,1
-1.1587126939013723,-1.1856481241969783,-1.302131982041539,-0.19773494163272734,-1.1567603285325767,0.47926359449154404,-1.2854860231965461,1
-0.27757840762932817,-0.05071770718632866,-0.4106130832936176,0.5906529396870688,-0.30788039887628554,1.1086891001205008,-0.2710136480468333,1
-1.0249532922470084,-0.9293510215870989,-1.2585219949871091,0.26257776219845935,-1.0307376496813507,1.3797003072835812,-1.116560795942285,1
-0.9385253244346662,-0.8819675919610651,-1.040394111105824,0.06709517510844556,-0.9395399331066369,-0.13168335669792847,-0.9837962393598905,1
-0.8700294283055615,-0.8609388710172116,-0.7587635205362385,-0.27889750442329,-0.8363166833990894,0.09237756952579759,-0.7630312149750704,1
-0.7479168943825135,-0.7294173181128251,-0.6966170163665971,-0.09370799732701011,-0.7069563055558933,-0.7339437783481172,-0.6370134340203556,1
0.2855502125691648,-0.37434486233378045,1.4493387489021397,-2.7088959934578054,0.23464293874498063,0.765603061092332,0.0390821942641799,1
-0.2621091097394967,-0.2942329590109615,-0.0509038424743866,-0.09939551398755339,-0.27526420799151835,0.08152776768112568,-0.23782068149721808,1
2.3882203003705897,3.5614764853039236,1.3751179443300419,1.575617813204174,3.195599156996502,-4.590680032162982,3.9751532883374634,1
-0.42426737169907364,-0.3468360348035873,-0.37631919999895014,0.17751664016365803,-0.4462721975212832,-0.727547845077181,-0.4814246012760641,1
-1.2402920758079463,-1.4087445896332713,-1.3154821965341845,-0.8069967787838308,-1.2446203461153205,-0.036149458919921315,-1.498780619963285,1
-1.3485515071430856,-1.4087718551552522,-1.6205206339335763,-0.2257712319846704,-1.3195713220085326,0.13706032745464186,-1.516736691826119,1
-0.9939633886799827,-1.1134676301506532,-0.8811034582605841,-0.7182264000098337,-0.9902925913080655,-0.01685325409279673,-1.0903192742701606,1
-0.8698755049434737,-0.964536619803211,-0.7364212382387976,-0.5588784795038183,-0.8784551331727126,0.8689771134065908,-1.0097526860054933,1
-0.8038680365014562,-0.910476363970721,-0.5879193202012724,-0.6600558716350385,-0.7973441392869673,-0.2577128032265222,-0.8479543344142745,1
-0.06793478846564158,-0.07459489825636594,0.11453885590923707,0.06694991911323532,-0.1013357318437796,0.057130370569706566,-0.09218389102495962,1
-0.5325781108215755,-0.6007949861113987,-0.32548682716040284,-0.3299660094453182,-0.5536675709687935,1.0747979649944674,-0.6465013156722824,1
-0.9122813911986833,-0.8577930126868142,-0.9553134884550373,0.000453736288130558,-0.8690801257099728,0.2793166928379262,-0.8455750543852278,1
-1.252836829818108,-1.392834699683085,-1.3762814251263336,-0.6333092156768136,-1.252596465029955,0.7125081264491516,-1.4497330961694257,1
-0.20890293424445433,-0.6109865735055643,0.5654576469421994,-1.7983391127825366,-0.2492007055689279,1.4904793034629393,-0.4394856791050855,1
-0.7317036335759239,-0.8768373279011128,-0.41459204114223774,-0.8572068310660137,-0.7511317333907923,0.4943593997452629,-0.8966473418289979,1
-1.0165901229069003,-1.0791132035227742,-1.0412484073660158,-0.356102960232067,-1.0138037356779728,-0.409168306220417,-1.116027193969565,1
-0.3309385064864584,-0.7591028302134932,0.5129475475832035,-2.268545697416838,-0.37519884251580116,0.6031926260327342,-0.561165202925425,1
-0.15964745837633415,-0.05735620645031214,-0.1797529494195281,0.3770517498766052,-0.19739274548033237,1.1765738246196573,-0.18701884984784023,1
-0.7692096261380029,-0.47200547213866834,-1.0946716687564326,0.7285366503138835,-0.766151378854658,0.28579167026223107,-0.6836560941289421,1
-0.7695174728621786,-1.0430079087252888,-0.262636661857288,-1.7072674035725233,-0.7910368698683179,0.20282377185488726,-0.9285026486387802,1
-0.8337035148528228,-0.6706468303985627,-1.0080097185404453,0.38205750942906075,-0.8292731568498583,0.832401564728193,-0.7040901258376954,1
-0.7271628943943316,-0.7223793591192199,-0.6480770119648569,-0.14401264547123532,-0.726467119516307,0.18921492859713993,-0.7294179455017378,1
-1.117409925074459,-0.958342934852187,-1.5179841084018764,0.5302806729596126,-1.1120940626106233,-0.40926879559153473,-1.1833743415812974,1
-0.9968879325596524,-1.3931072643627322,-0.30675786641016145,-3.5607320524158395,-0.9750520687050253,0.21962731631136784,-1.0731160928619865,1
-0.4858880243215865,-0.7523778607868213,0.1501228423268123,-1.4881453449001716,-0.47758766747535614,-0.021724088060804572,-0.47835821733694,1
-0.12770836074309996,-0.29510950932657415,0.305732166745934,-0.5354782283272597,-0.15228472528002987,0.8594333552636715,-0.1830899312130869,1
-0.5748557276083787,-0.8570402557740363,-0.024922712782058834,-1.5081585457607125,-0.5988983006908596,1.2223734741900572,-0.6961738116396703,1
-0.15987834341946597,-0.3208896225704865,0.2267058656480018,-0.48583014570073774,-0.15270193765402615,-0.023149652360944305,0.0783275229153323,1
-1.1143314578327015,-0.9349429568129265,-1.556793692891294,0.6091109974262221,-1.0959209476421796,0.6267332436550254,-1.0304133158122508,1
-0.9326762366753268,-0.8850549035759052,-1.0473696469511542,0.07046977364452041,-0.9427549225768435,0.09913859546535672,-1.052978100603852,1
-0.9558417026695522,-1.2421990570069166,-0.5469936283272685,-1.8924653078655975,-0.9673213688339178,2.543983278938697,-1.1631157406580959,1
0.16056444255380978,0.1482370562629395,0.4427384743428295,0.05778341501768027,0.19385429371075713,0.18312444933081293,0.34188669455069653,1
-0.09428133727634963,-0.1543096674382027,0.1432104255598785,-0.08608900354467522,-0.12133738389124779,0.2681002264238529,-0.07650841937429922,1
-0.20700454611203722,-0.1718713582412707,-0.08541332340753678,0.13040893112939403,-0.19339241507083874,0.9269763971879242,-0.041542870929004626,1
0.060847757814547695,-0.3511458584397931,0.8061089039285368,-1.3989093980622087,0.01489472717071042,1.1796950581701584,-0.10685794527476136,1
-0.6750085285402231,-0.6424378592727689,-0.6069725110574425,-0.04510267372406824,-0.6353430286546513,-0.16213410627636285,-0.5581061286023655,1
-0.21221228652934368,-0.5467241137986232,0.45507442419146615,-1.3848733174487564,-0.2351872781835238,0.6663030013306385,-0.3312558488437173,1
-0.4746516188891716,-0.6550475570008719,-0.0007077904086467452,-0.9339525237331467,-0.4747162646660877,0.030791526293536344,-0.41988859843573545,1
-0.9116913516440132,-0.9527186388491807,-0.8132450067520127,-0.40796546563120917,-0.9097706031267855,-0.2847918443508425,-0.8870827092083917,1
-0.9395514801819186,-1.227025106781804,-0.5575863987623954,-1.7978463258366129,-0.9519826786134669,0.7098778499080803,-1.1326602253246958,1
-0.8213639919921115,-0.8383716658335557,-0.5511670613905776,-0.5364166427642856,-0.7771461520046774,-0.2042638166463702,-0.6888641955750117,1
0.21189788381011632,-0.17006802161874043,0.9756450051477661,-1.1754752348206312,0.2067142515915833,0.5955108592128977,0.21196923342548624,1
-0.8591008695973223,-0.6822820892409622,-1.1222849014945628,0.4900273364412548,-0.8645153315003666,-0.8161279906524754,-0.859901901871959,1
-0.43260488714550027,-0.9047013755149692,0.4726580543870723,-2.8770610038323365,-0.46276435724631226,1.1340396492091798,-0.631757820069866,1
-0.8218001081846937,-1.1843452987436935,-0.22032128142747454,-2.4683130261788717,-0.8234567255182632,0.7608318744057386,-0.9714393334025848,1
-1.034522194590138,-1.1305565711216092,-0.9846063511936719,-0.5843633624798523,-1.037781176230582,0.4005870974847428,-1.1137210101011652,1
0.01007870221923005,0.36523675352060003,-0.3152387147149575,0.9074329458489083,-0.02181996174096126,-0.7681934752693058,0.10004439224343314,1
-0.3354535917743694,-0.6520564369748693,0.32530823216452626,-1.4838679258496317,-0.3656520417225924,1.2569405079372076,-0.4284591232715478,1
-0.4365299328787411,-0.588762646589825,-0.10176728947472669,-0.6156112593409078,-0.4719921132829356,0.8729658303419915,-0.5925819327713279,1
-0.9981962811373992,-0.9729276324808209,-1.1407395869813872,0.026341363445516755,-0.9992994702055142,-0.6679147014296196,-1.0625719716887165,1
-0.9172069387854953,-1.0108307719935148,-0.8177637623216997,-0.5456869929320712,-0.923661320990426,-0.08339774604829416,-0.9957730452818334,1
-0.8859348423879753,-0.8172849922900416,-1.0044021254474191,0.13911432055559017,-0.8810074912253957,-0.10883308421342211,-0.8913917278785083,1
-0.7844223850910214,-0.6596399857891458,-0.9385927391946591,0.32100093763142834,-0.782373577631807,-0.9267870732582569,-0.7763200969806198,1
0.23657692953153903,0.21593086552768018,0.3716024783713697,0.21410518742030502,0.20553624018265268,-0.5296406343868941,0.1709001555662014,1
-0.751893247903117,-0.536259941892204,-0.9753636304930905,0.5350343615148878,-0.7286513490036992,-1.298777991015948,-0.6120693691997078,1
-0.8734157422714948,-0.6156587457539027,-1.2226958242585177,0.6807583619704322,-0.8341569958160499,0.20186785033816423,-0.7340266584305049,1
0.5852133446605773,0.26053665847372337,1.049034321193882,-0.3894896829384005,0.5144942740790663,0.9897312235004964,0.3178526769300989,1
-0.9909875370129504,-1.289106714484123,-0.6005116614076494,-1.9766814148910452,-0.994292921717559,0.52593402095323,-1.1723843338280828,1
-0.8749549758923735,-0.71316947193146,-1.1355876911118776,0.4604223101440887,-0.8613494258388655,0.5957003293958704,-0.8303783625868024,1
-0.37657678334551353,-0.1896098679376431,-0.46574477107524476,0.4793290972412337,-0.38398484427407553,-0.8045759421355645,-0.2527505723092835,1
-0.9584070920376834,-1.0569144027944157,-0.913367945593349,-0.5078909553638056,-0.9726224201741058,0.4438351591184542,-1.1486134623858133,1
-1.0534034603395839,-1.0983361734398742,-1.1017006341460391,-0.3066500847357775,-1.057979163512872,0.1076922993889604,-1.1626479252299577,1
-0.4742668104839519,-0.3236246200096041,-0.5157059865432014,0.355323704062237,-0.46669106194274773,-0.7079845481096556,-0.3637215085948987,1
-0.32042041007712024,-0.3300696858300761,-0.1683801404635004,-0.02529637846317252,-0.3452577192054807,0.09738772255674528,-0.33674902531630796,1
-0.8562276335050153,-0.7917107492582522,-0.9575907111152083,0.12568148658362505,-0.8592388220645315,0.4469416654557218,-0.8882230093144785,1
-1.238958073336518,-1.247715709384482,-1.4821679154315157,-0.0583053824070987,-1.2207165312757695,0.4390946057839129,-1.371925887969167,1
-0.5447893642138802,-0.7646727684922703,-0.09882950319165952,-1.076614051008401,-0.567116534554085,1.1304478746462467,-0.6302776228167724,1
-1.091319915200564,-1.2101475995001323,-1.0241761648011407,-0.7431931493562169,-1.056383939729945,-0.7970652130907746,-1.0455478758741266,1
-0.7651050031489929,-0.815870840382588,-0.6380634699102052,-0.3540692433619675,-0.7822754100143962,1.455640480586159,-0.8775619342841742,1
-0.32555118881338274,-0.5363411995286319,0.15985107854119457,-0.8773182392479043,-0.3370116393429662,0.7748617812276422,-0.4189895156597821,1
-0.2260910430109338,-0.5888480199231662,0.49243703958644736,-1.5844326438796374,-0.2658155748157205,0.17570292565513385,-0.34545843285734884,1
-0.2963314039103677,-0.5751833534433481,0.30080706522093353,-1.2064565373006044,-0.3127396959381244,0.4637048831720238,-0.3503266371564111,1
-0.11736984158953097,-0.061098020798056464,-0.01359180640748808,0.21421642258259227,-0.11880956774291745,-0.8610627953857112,-0.04558508861276083,1
-1.0734134974110079,-1.5503628162526504,-0.38269871240476616,-4.794738529126991,-1.0801650450477323,0.8004050565794746,-1.3000577428214428,1
-0.7705949363967938,-0.7432272118689712,-0.788179819252827,-0.0011418197275934714,-0.7694399940379227,0.7124967675947268,-0.7864621892703335,1
-1.234853450347508,-1.5364384849100357,-1.0452882305406224,-2.0149885847322686,-1.2105561828737428,-0.68243442376158,-1.3685159520750034,1
-1.1994254231736152,-0.9837689584709857,-1.744552451183075,0.7492300795052595,-1.1834373785639853,-1.091387259666099,-1.1661528861329618,1
-1.0270056037415134,-1.029613742609507,-1.1488389606696416,-0.07883480038667644,-1.0295105544637146,-0.30125353781447745,-1.126158321835182,1
-0.8828820290398991,-1.1130752911889166,-0.5198328654081775,-1.4202292825062655,-0.8841979387912494,0.30388342483188574,-0.9474747571346014,1
-0.3715999279713389,-0.3325607698070933,-0.3062310627926923,0.12361811365044109,-0.381211609082218,0.18826392862689809,-0.3312266103794585,1
0.10330495185712005,0.27962182195833357,0.06931379104702079,0.5447294126503671,0.10734408086741311,0.20327026652804653,0.31743968362244546,1
-0.41949574747434953,-0.2842833690766877,-0.2940156626778026,0.18307075439174653,-0.42511707596923715,0.9791738513397085,-0.23538657934768697,1
-0.7140537547231809,-0.6719659944701418,-0.6966455005145171,0.013449893870588677,-0.7203561853324794,1.0538251221442467,-0.6844564970880224,1
-0.9266475716602184,-0.9113520787300147,-0.9121754323516975,-0.1675338140660163,-0.9001010928118132,0.5414569153907534,-0.8687099892298725,1
-1.1934480659458695,-1.4038431766022135,-1.097908313417578,-1.262753759635888,-1.1947266545662372,0.6152063268374437,-1.3427459006390496,1
0.12649607174502664,0.0522168073463497,0.34207902033278337,0.020894097453684278,0.08606624979360337,0.08634652307933655,0.06410666486153867,1
-1.1076614454755602,-1.152624743096319,-1.195486657703058,-0.2888605236237591,-1.0863496049446182,-0.45516532290388373,-1.160107833647489,1
-0.09092067720409767,-0.16842699849385542,0.16985138830704752,-0.13869326502003082,-0.12781644664036632,-0.23812787391020404,-0.03254838836144213,1
-0.7369883356742744,-0.6936475987714961,-0.7567646042739026,0.04941299398129385,-0.7250436890638492,-1.0106886807272935,-0.649216838040303,1
-0.745582390057514,-0.7367770240623963,-0.6426254230682851,-0.17998408738825505,-0.748162162964113,0.2865254298024354,-0.7955553516547691,1
-0.49196799712405764,-0.16419179115788868,-0.7524677432388656,0.7597448322006538,-0.4970739395314172,0.7248395383419124,-0.25077332116379353,1
-0.9200288670904397,-0.7045212639816596,-1.2543913271760287,0.5994001932381802,-0.9152434477974424,0.17753931745127172,-0.9270334158097836,1
-0.27303766844773586,-0.31604170842558477,-0.0255553286741268,-0.16636312518942545,-0.2071358815083629,-0.5166293566948644,-0.1407014676541308,1
-0.06924313704338853,-0.4194161506895315,0.6859388393945138,-1.398138672764864,-0.07681836939541062,1.449087806352006,-0.09670854336898352,1
-0.9054831093731355,-1.14885156305085,-0.5651631320703158,-1.4581890321777364,-0.9227287286250225,1.0602034276707522,-1.1078769720574706,1
-1.227875591266191,-1.5442030554055404,-0.9211159180486967,-2.4421884828596827,-1.2170843294315667,0.15089580512088152,-1.4189559577291804,1
-1.003352713767343,-1.0723062754201627,-1.0049316211581323,-0.39757908591266805,-1.003471593945477,0.7601216746640893,-1.1603453961695902,1
0.0013820322612650762,0.08876503235921239,0.023500122514550668,0.37082611470116483,-0.00689848389450646,0.17250974021786514,0.037938239350061284,1
-0.5152873864803708,-0.4915541788147145,-0.42542934971860746,0.0009518850325348703,-0.4929018157914545,0.7014896259674929,-0.5150122870931707,1
-0.611489487785293,-0.844330343024915,-0.13209444242830298,-1.2605592663580343,-0.6327661286976155,1.0758520741704565,-0.7765064921902682,1
-1.1375738855079707,-0.8383503940700598,-1.7048976374835725,0.8883654931249689,-1.1170760691942259,-0.40371306199914875,-1.0908163281625574,1
-0.16054534465518008,-0.4275331819495866,0.3867400346160614,-0.9472195629198519,-0.2056388253428469,0.22852079407321924,-0.3963954924039222,1
-1.1349571883524767,-1.1589811959703542,-1.326880105006404,-0.09709283202382202,-1.129224311848823,-0.0603321980097224,-1.2736883028681871,1
-1.3252577716804537,-1.2949165358945214,-1.7592595667375321,0.25907993092209247,-1.3199885343825288,2.110043208869196,-1.5304349123312895,1
-0.7712362837388267,-0.9868525544901832,-0.4044045218111196,-1.2100874940570245,-0.790496947972558,0.24707178694019066,-0.946879023425332,1
-0.4817834013325765,-0.5010575471832817,-0.3368281936682766,-0.122526899773343,-0.5040192984632375,0.40298724026678123,-0.5487169267673117,1
-0.2263219280540656,-0.08422909542921721,-0.2571543510728355,0.41532145359703915,-0.239138524784312,1.0091719496336056,-0.2320205011499115,1
-0.24535711716559955,-0.2500621132251887,-0.09320771395538822,0.020042457742899717,-0.2824549859668658,1.094430500448611,-0.38836953396492735,1
-0.019705468344773883,-0.39630761624637106,0.6998595314634238,-1.3543000766362308,-0.06994663617664854,0.5312320376705642,-0.2606486124671473,1
-1.2887266270782645,-1.7116582708717516,-0.9274436642035345,-3.728799165655709,-1.2838383092709698,1.7751897007522488,-1.578163050425478,1
-0.20667104549418014,0.09488903501748608,-0.45576641638061277,0.7751965827064137,-0.23236495918296082,0.7286977500865908,-0.1642603602305261,1
-1.1197444293994583,-1.0625359110228312,-1.3689786388265943,0.16458577687922946,-1.1265001604656708,-1.2332302151449637,-1.2616128171293708,1
-0.012881532625544732,-0.3278401680591812,0.5942807804416912,-1.0078192075684262,-0.038802959553044684,0.7249066248215149,-0.15988555501582746,1
-0.47439507995235847,-0.4925974868563174,-0.34614026829517686,-0.0958869037237431,-0.502301365158547,0.12439922808695351,-0.6018395615172181,1
-0.032301530142298376,-0.696745977842839,1.2255807052760723,-3.8688567089112733,-0.09016916536329123,1.6164172241974686,-0.3502937438841209,1
-0.7202363431003772,-0.8095710794442935,-0.45393091117895573,-0.6161178052821065,-0.7037413160856867,-0.29560801874674325,-0.7290195714262137,1
-0.7178505309880151,-0.8135324760955762,-0.5311849002112107,-0.5071956386661708,-0.7494628838948073,0.014575161629779414,-0.9131999674074173,1
-0.6247268969248504,-0.8285197290649611,-0.2252081572299691,-1.044484138297235,-0.6444971589782165,0.6701044562293943,-0.8054598814223812,1
-0.6620789661248415,-0.8379906495653394,-0.21912814169869668,-1.0833203204584154,-0.6760089641671112,-0.49346517188251704,-0.7575672769667381,1
-0.3345557054955235,-0.34235201190265946,-0.17906148176712725,-0.03348203901388728,-0.3356863765079192,-0.2506588049230517,-0.3747261355802422,1
-0.3748323185751843,-0.2574586879895398,-0.3734731850729314,0.302670566027175,-0.38342038047396293,0.7598971174101949,-0.42029428212732356,1
-0.5463285978347591,-0.7417862945661261,-0.10805103141397626,-0.9954451847811957,-0.5385988416962223,0.06562209669123692,-0.6000925632777645,1
-0.3323494706389306,-0.43980894860326714,-0.037449420955307795,-0.3835392387465634,-0.3689161150015044,0.671514713210059,-0.45728459422252893,1
-1.2626622710980508,-1.3493490583667795,-1.4717558414974052,-0.3291638223552347,-1.2580202258919067,-0.05454154010355212,-1.474596755213362,1
-0.677958726313574,-0.7863753703497837,-0.4095963907617987,-0.6274072603113215,-0.6665357890869607,0.11423601004606411,-0.695705996211532,1
-1.237983225376628,-1.4788857511162445,-1.1213239222827749,-1.5237360991250457,-1.237429568139973,0.6339269165704192,-1.4689683508435747,1
-0.9698743825132301,-1.1136374239899554,-0.843879959035728,-0.7857287065949289,-0.9897526694123056,1.4930613376206319,-1.2118562605772398,1
-0.9938607731052574,-1.174277085680772,-0.7320697006899006,-1.1985079923174216,-0.9928204074563958,-0.7615590060554209,-1.082231184094616,1
-1.0477852576233766,-0.7514093544372099,-1.5482305966343974,0.8363763650881467,-1.048186943676136,-1.588281787446881,-1.0028012411280027,1
-0.7832936137690436,-0.5021169799959487,-1.151135023979407,0.7464796319778901,-0.7951599097995751,1.303242267527312,-0.7893312135757119,1
-0.7412725359190535,-0.7207514789761829,-0.7278728073850217,-0.03664000538199895,-0.7560646561656894,0.08887320387394525,-0.8078135777952014,1
-0.9355494727676339,-0.9402855194362473,-0.9675920656934571,-0.14988662864423938,-0.9139918106754537,0.8064032615275537,-0.9771517983571154,1
-0.6511504074166024,-0.9172406942222457,-0.1357108403675594,-1.4999922829561536,-0.6666830405130769,0.3097805228763998,-0.7980844788131406,1
-1.009663571612946,-0.8612433230783529,-1.2924234951833178,0.4158458574290467,-1.0108832490599988,-1.3827660530277341,-1.0338086324742848,1
-0.6013305458874932,-0.46794154953661116,-0.6571716255043447,0.2988412227269608,-0.5810563362264309,-0.837663311997492,-0.3947544835974069,1
-0.3819641010185892,-0.13979295080962956,-0.4990352882000389,0.5682187649533351,-0.3503133515021414,-0.3693315873961329,-0.127226190438933,1
-0.9848562564231167,-1.2112696369520262,-0.7019435860541705,-1.399189895453814,-0.9855314618636374,0.21568354825295516,-1.0844496525702398,1
-1.0795447780008416,-1.204896908406663,-1.0301592469616279,-0.7162768877476968,-1.0437203170839406,-0.9483546372823098,-1.060415634949642,1
-0.5853225162303541,-0.5137190209476696,-0.5519931797409662,0.11146447850573032,-0.5727857144595637,-0.5499851847538234,-0.43024632439935695,1
-0.7977111020179413,-1.1858299133138341,-0.1355361285199256,-2.721083139843022,-0.8109403542983752,1.474174332249417,-0.9553618328683681,1
0.14763488013842824,0.06643408266483213,0.42222511412832464,-0.039335716036859154,0.11200704269443022,-0.2327534515872327,0.11824168143640096,1
-0.15105340399309442,-0.28113493078292046,0.21876961679787366,-0.39756860603381894,-0.13672515792040432,-0.6818164047726524,-0.19283730423530887,1
-0.21883099109912232,-0.20654990742641488,0.014605240276634984,-0.028907150928616974,-0.22603314785995862,0.16612619502210282,-0.20294650325273203,1
0.023598304189281792,0.13365887580113478,0.11790410056362881,0.3406898272305464,0.035436301113938494,-0.8042671384852506,0.1850369530352518,1
-0.5729829933696429,-0.4868794369504527,-0.5394021235337428,0.14040194981392606,-0.5685890488152483,0.2793972153265515,-0.5331547541656533,1
-0.3079782716416836,-0.7756035679915203,0.6937861971271312,-2.7865008478629307,-0.29342521721253245,0.7783228821819129,-0.3680963138095965,1
-0.28381230379388717,-0.40482477205949696,0.07297384893417916,-0.4566681324640097,-0.2942105581518195,0.855095788634348,-0.39898309649081165,1
-0.8615892972844096,-0.7470780495017131,-1.0006069004607454,0.25422861110645995,-0.8506246136367261,-0.20608158890353823,-0.8569670910219985,1
-0.9007371390420926,-1.2712330757570873,-0.24767615127489329,-2.8944502690222285,-0.8915114262883606,0.7156132480166866,-0.98738891565567,1
-0.08376324086701147,0.09139330278420615,-0.12237147230858547,0.5010963484374702,-0.08486811402310333,-0.22325969485951447,0.014898329514256953,1
-1.3659448470590154,-1.4349734104169534,-1.7114322564929152,-0.13518726918688587,-1.3417081197346876,-0.6609562709507836,-1.518724907395706,1
-0.9771344344250416,-1.108750984576519,-0.8231124492065557,-0.8089741081451118,-0.9555657966489642,-0.9244404125288542,-1.0543267247677817,1
-1.2336477173444864,-1.620165865430458,-0.888172120516588,-3.090369543579845,-1.2415280661668775,1.4956431285079665,-1.5658609665886574,1
-1.0507611092904088,-1.4310751228429228,-0.5733584943947739,-2.8643079772235582,-1.0662743271840918,1.1149770587785226,-1.3373514039833314,1
-0.9044826075195643,-0.625712095571967,-1.3066437661905808,0.7502107236443707,-0.8966897681067848,0.07288448412632366,-0.8641268599573315,1
-1.1854953589046626,-1.03694399972585,-1.5244822770691646,0.41346114216417557,-1.139556453581319,-2.373537059096966,-1.0812516955419516,1
-1.1119456457203394,-1.1753476566574945,-1.1395171444681556,-0.43943108031363926,-1.0724834289853304,-0.9746249541698331,-1.1574105853196297,1
-0.9404493664607646,-0.9794005984666697,-0.8699272381627138,-0.38405509028843154,-0.9241276171731276,0.19730050549879352,-0.9899655553184623,1
-1.1405497371750029,-0.9232572808989051,-1.587281961120456,0.6594160665380958,-1.0896873039365884,-0.9399999097987616,-1.0558251960610365,1
-0.8675410006184742,-0.8586595104579854,-0.8270568261667189,-0.17672007040680146,-0.8616684705954509,-0.4918956289564242,-0.8581110459361175,1
-0.7257519302418594,-0.5371363119897873,-0.9079301294057818,0.4649654373280272,-0.7293139804212228,1.041385174245438,-0.7219950303880767,1
-0.05297856844943633,-0.4359687291753851,0.6758860568283038,-1.4300749514354356,-0.10145844136554322,1.172256542995602,-0.26069977977959957,1
-0.8134369388445859,-1.0135637922080303,-0.4444594506211263,-1.2214672577251169,-0.7972459716695565,0.22945736623989715,-0.8654279716168407,1
-1.0693601822093604,-1.1281544493173539,-1.0664656190720043,-0.4387593599605594,-1.0108832490599988,-1.3199463858081015,-0.9461626810509954,1
-0.772903786828112,-0.8360728339665545,-0.6447748723779677,-0.38984624253738176,-0.7901288194072671,-0.20283638103578233,-0.8758807225893026,1
-0.6603345013545122,-0.6774238802489089,-0.5328941232218349,-0.20790478888616926,-0.6472949360744268,-0.9158546717703597,-0.5908422441479392,1
-0.9627939078571879,-1.0824523866484919,-0.8449507075989496,-0.6935239851129402,-0.961308602267501,-0.2245616403913851,-1.0853158420739017,1
-0.27139581925213185,-0.5931898404513433,0.45078470671091747,-1.5224531559013328,-0.2531274102653634,0.6170748303208881,-0.20271990515472715,1
-1.0827515147110056,-1.4748016156394006,-0.5770869774861204,-3.161953186915662,-1.077882647942929,0.7818021909868518,-1.2887972792738367,1
-1.2636884268453035,-1.2670656390230977,-1.5825829053579028,0.05392566747923257,-1.2619714724926947,1.1401607992537666,-1.4448064149418456,1
-1.24075384589421,-1.588042809628715,-0.8377061585817548,-3.0367109243143617,-1.187609502303948,-0.9858183660391729,-1.362883892897184,1
-0.35133335196310195,-0.12259338701087814,-0.4789442523649114,0.5699905513207829,-0.32282641862709305,0.13008294060095638,-0.2589491267321137,1
-1.1813394281282898,-1.1566856563159693,-1.4070291530990675,0.028505391959274932,-1.1736942425359547,-0.15301869109524655,-1.3206562408916513,1
-0.6757524914569811,-0.5305670957795705,-0.8180062909004026,0.3798701282888609,-0.6888689220479374,1.63307068955593,-0.7288185569844353,1
-1.1303394874898405,-1.12117702288678,-1.3738062285310348,0.05450707919343612,-1.1375194755200428,-0.5506369434701458,-1.329054989749944,1
-0.3669822271087026,-0.7318996343533621,0.4208427152406154,-1.9548755565301252,-0.36398319222660735,0.5939182617420714,-0.42357264493232355,1
-1.2160234923854245,-1.2216077760956938,-1.5064663467375077,0.037446035832868714,-1.2265329626073647,0.4247204901180001,-1.4763876111492036,1
-0.653177065017426,-0.7126041831591865,-0.43369907386328455,-0.41876956711694,-0.6697262366528144,0.11438895224907052,-0.6814741737336416,1
-1.0722334183016675,-1.1559017673853045,-0.8498690878978437,-0.9038458590913256,-1.0411679590312575,-0.07913690314738363,-1.1159102401125303,1
-1.136701653122806,-1.3734793548807103,-0.9872489219311537,-1.3971440369904604,-1.1449065887302121,1.0201259086178756,-1.3890596280247267,1
-0.9531736977266956,-0.8952175896892284,-1.0997994158490005,0.12021619652954427,-0.9503629129261872,1.2497837746900773,-1.0622320745417095,1
-0.6816015792163204,-0.7062437396198844,-0.5541315244162126,-0.23763592822859742,-0.6793712050634341,0.3595298351331245,-0.7010931832511855,1
-0.22886166352851556,-0.3089562477534574,0.04957520726186559,-0.2429717264181263,-0.2506486779257385,-0.3941205749321351,-0.2675233063759583,1
-0.7457619673132833,-0.5470867883553263,-0.9901109152812362,0.5357673326609456,-0.7691700330900428,1.084779141954869,-0.8066732776891146,1
-0.5015625533608685,-0.3662584603781618,-0.5955919440691372,0.3779936982262672,-0.5114309535777594,0.8724462048564797,-0.45191568122303694,1
-0.6516891391839099,-0.3150146484621183,-1.0277880812558076,0.8376315022908123,-0.6494791655618191,0.7593215023160459,-0.5904621441125767,1
-0.37860344094633724,-0.2896576862892702,-0.3935038159400256,0.27835766806496826,-0.4158402361239083,-0.16574277877265126,-0.4696707386440934,1
-0.8423745309171065,-1.1207622860144344,-0.40228405503688,-1.7093020399245935,-0.8426484947220916,0.9699302139666175,-0.9950676673315939,1
-0.09612841762140413,0.18837306611924995,-0.18550726370097986,0.6547035774219754,-0.10985177265417403,-1.4500804769544184,0.047941448934546084,1
0.06089906560191032,0.304554988069275,-0.0877448482905369,0.6913911960914629,0.02785285266894748,0.9823545738493874,0.05325553981355356,1
-0.5110544940229542,-0.41166396350083123,-0.42295806216279164,0.1289376048826065,-0.511111908821174,-0.03176516566868149,-0.49353663509520374,1
-1.1262861722881932,-1.0936354439632956,-1.2647806213977173,-0.04639302819402914,-1.0980806352252193,-0.9499935871129608,-1.0285055060193748,1
-1.3889563896911528,-1.7559285780395095,-1.2685682704937382,-2.6609490300241254,-1.3841410723605434,1.7495018105289097,-1.704937376642885,1
-0.2760648279021307,-0.36420617798529986,0.061210740499815904,-0.36076100050617566,-0.2722210118517809,0.5131611107862092,-0.19624358532143985,1
-0.5882214062163426,-0.3252140964666051,-0.8313125712319308,0.6548368358391796,-0.576368832495061,1.3289225976564385,-0.5523059482550589,1
-1.159431002924449,-1.3001647280796194,-1.0851689518951868,-0.9116291964283392,-1.134868949849949,-0.49365103043632325,-1.1905158364764687,1
-0.21277667219033256,-0.43296094286194264,0.2511149690073255,-0.7618215106657145,-0.23086790301744478,0.6004927367429569,-0.3311242757545532,1
-0.7426065383904817,-0.9495338094477555,-0.38233904074116487,-1.1309624368454052,-0.750714521016796,-0.17110747028128606,-0.8729824598196654,1
-0.5143638463078435,-0.7047716006212814,-0.056213611098251216,-0.9785786617089062,-0.5313344380078167,-0.8279950742834985,-0.48809462593506525,1
-0.8456069215209518,-1.0580049253728958,-0.5450318189174588,-1.1739394118987283,-0.8665032257529371,0.7239595546032151,-1.018951837822866,1
-0.24248388107329255,-0.19074019628118255,-0.18108728493544357,0.201326171598228,-0.26289508819774665,-0.28509205868619486,-0.24265964733202233,1
-0.3939701232614435,-0.2516836210656503,-0.4593751083280555,0.3951858840876958,-0.4099747209836078,0.17956712559325036,-0.40423871044130155,1
-0.758460644685533,-0.9194990132486649,-0.4701830880997397,-0.8826241487343313,-0.7659305017154835,0.40574418581215266,-0.8248413284178235,1
0.15584412611644827,-0.18490062423702805,0.769157380178891,-0.9167116164053556,0.11990953589600661,1.2755038140269328,0.03018639151349046,1
-0.5047436361773513,-0.42902635903184855,-0.4890224887227805,0.17489942889730148,-0.5164865858744201,-0.7448462388688275,-0.4204477840646819,1
-0.34320106766612585,-0.16584482421921062,-0.4551245733139321,0.49822439635278937,-0.3616762532174515,-0.37527672197987605,-0.34462879143400976,1
-0.6966091070198883,-0.9189250395194847,-0.24538341855483678,-1.290343148515684,-0.7020479246853489,0.4123405364321888,-0.8202143414488948,1
1.2451341057186627,2.517223064756765,1.1379492592261764,1.339869260566322,2.1015701447608737,-3.1762478023377922,3.407583529764915,1
-0.5837063209284314,-0.42869471733000175,-0.7259902515990653,0.4255551993084103,-0.6064326653271451,-1.032056351369172,-0.5989193698993871,1
-0.39981921102078277,-0.46804483085099297,-0.0992507427275136,-0.35978024558610483,-0.41262524665370176,1.4649854119938586,-0.4228087900535665,1
-0.16416254366424515,-0.08480644587516134,-0.12812697551448837,0.29338975813673174,-0.185342670443146,0.26610816031145335,-0.0630660354313916,1
-0.45171703793807816,-0.4978182755534796,-0.21230563083832543,-0.2726032072086235,-0.4724093256569319,-0.16314083387178022,-0.5177058806129969,1
-0.4793206275391705,-0.6805045513898471,-0.07352275586702738,-0.8850230107278374,-0.5132225125955081,0.07357855317190078,-0.6851764942703913,1
-0.8075108894042027,-1.1482581042172992,-0.2512695193071882,-2.19988723641715,-0.8100813876460299,0.5282913668652963,-0.9152028022091337,1
-0.8419897225118868,-1.1902240539815334,-0.1216968817790335,-2.7884504709060285,-0.8121183657073058,0.48215781937146324,-0.8928463414753751,1
0.44165415561995197,0.08156961713188743,1.0331464395317864,-0.6935789324692743,0.39848469220375077,0.2827231141008724,0.2282769868657396,1
-1.3260786962782556,-1.4942411257107173,-1.4677623443437122,-0.7808513421755193,-1.3189823163040673,-0.0940737218653481,-1.565243304031194,1
-0.009623488128018031,-0.1897370156377734,0.38829809809221133,-0.4317905950249967,-0.05210467171221985,0.07610098609178963,-0.16771049901304483,1
-0.7701075124168489,-1.0045557621476597,-0.3663868430699962,-1.3449262681295733,-0.7931720155470047,0.6242287566023429,-0.9580627360042596,1
-0.46069590072653754,-0.5387505110837497,-0.21042303101812992,-0.35653830725004804,-0.4565061716363682,-0.42636478844500325,-0.45754774040085705,1
-0.16285419508649823,-0.22948529976898813,0.08814600408133459,-0.14882497038882442,-0.18865582753076346,0.4858690583934673,-0.22935249128631102,1
-0.66302816019105,-0.7876556806213971,-0.396111929885542,-0.6515384442642674,-0.6567926530589301,0.23454139860737452,-0.7132454199586803,1
-0.6689029018440706,-0.4720280459558706,-0.8782150743904868,0.5211977198643529,-0.6731866451665481,-1.259764293240291,-0.6447360433926672,1
-0.6405553493262203,-0.08416451097852706,-1.2673508458821887,1.213152891116129,-0.6572344073372791,1.6212491910474485,-0.5385492508213713,1
-0.9018146025767078,-0.7770328306202638,-1.001883995469161,0.20587417314442177,-0.8582080620817172,-0.29948232376128386,-0.913583722250812,1
-0.5313210700311911,-0.6710325944202269,-0.22992076152721863,-0.6203341951015902,-0.5596312537265048,1.1449366642164813,-0.7051427105510062,1
-1.0939879201434206,-1.3828894591255618,-0.6879241091748838,-2.216620013636008,-1.089196465849534,-0.2514288491728625,-1.2162822331043905,1
-0.7392202244245485,-0.5886131415065851,-0.9002682959280117,0.38456657632192376,-0.7428856535282778,0.622672612259067,-0.7864768085024629,1
-1.123566859557974,-0.6170048606126262,-1.8571593829843387,1.2353150985922052,-1.047843357015198,-1.024803545043586,-0.9675615820802836,1
-0.5834241280979371,-0.7469145417362646,-0.23627370927762,-0.7995809572827771,-0.622409445060767,1.3044925836038912,-0.7931577975855608,1
-1.2590963798763484,-1.2065886702363038,-1.675540144491522,0.3118245961865945,-1.252940051690893,1.5227848023930175,-1.4480920873629097,1
-0.623136355516609,-0.5358567018953982,-0.6654611230238591,0.20517247546347178,-0.6412576276036572,-0.6673707676213736,-0.6901068303060033,1
-1.062100130297549,-1.0746324133366438,-1.1583194582542333,-0.16346095205876235,-1.044382948501464,-1.1578986855659608,-1.1766531496098436,1
-0.8224158016330453,-1.298749647488827,0.0022456960821559124,-4.023123328327971,-0.839261711921416,0.5828452312739238,-1.0607993897930368,1
-1.2737447531683779,-1.430445896335376,-1.3948021079295365,-0.717029334186583,-1.2669043952675918,-0.31830959690296307,-1.5053592744214777,1
-0.5569493098188224,-0.9290475189041899,0.1305770944817246,-2.1251649358346096,-0.5927873665070319,0.7337760562440937,-0.8084202759285681,1
-0.7824726891712416,-0.8700908038807361,-0.6518737981654565,-0.4584609672139251,-0.7905705736856161,0.3228839251818395,-0.9022355433104293,1
-0.6802162689575295,-0.4704187541384924,-0.915918636889742,0.5604675651729191,-0.6672720462175422,-1.1233170930235168,-0.6119487605346409,1
-0.8386290624396349,-0.9809174677526612,-0.6351874916861487,-0.771826438303483,-0.8426975785307971,0.2759493258240518,-0.9367369311356178,1
-1.0835467854151264,-1.3143650499690174,-0.7550169453773599,-1.7025577282927948,-1.0334863429688557,0.2725165939361893,-1.1373127959498508,1
-0.399921826595508,-0.4355858934811292,-0.20936382543017776,-0.15954158815016803,-0.41748454371554067,0.4007692321307546,-0.4291498819896575,1
-0.5723159921339287,-0.5657548057370907,-0.47962454532840565,-0.0640307196875045,-0.5862346780448552,-0.02927886775356531,-0.6444363491340162,1
-1.3552215195002268,-1.4071855907181547,-1.6743196054583462,-0.1281674342286024,-1.3114970354764872,-0.5619094930583783,-1.5041020204583566,1
-0.29238070428344554,-0.49570757751271877,0.19987883822578068,-0.8368024515563823,-0.29695925143932433,0.5940196119159942,-0.33333543461411247,1
-0.5337581899309158,-0.796264563100121,0.057158189428601715,-1.4587765036104707,-0.5237755314671784,1.0871680194480022,-0.5836239982840886,1
-0.7822931119154724,-0.685806945225187,-0.892832318064839,0.2270175502843545,-0.7843860137887303,0.006077597019648812,-0.824135950467584,1
-0.22314084523758285,-0.22727117382501758,-0.048473072423057956,0.007152738507146086,-0.22546868405984602,0.54284664409579,-0.23776951418476586,1
-0.7944274036267333,-0.5394229493908856,-1.1151366213314557,0.6688743012146364,-0.7889262660939838,-1.207795831348165,-0.7028474911067032,1
-0.8801114085223173,-0.6762677074327315,-1.1910660424426134,0.5710800155972463,-0.8911432977230697,-0.15592161756875525,-0.8923017750785585,1
-0.749430474109711,-0.6421162278632905,-0.8480374316889802,0.24520952323484235,-0.7490702134251637,1.5888513803729165,-0.7125948641289256,1
-0.7052544691904906,-0.7874966946901444,-0.5356606783636996,-0.43969692138419025,-0.7130917816440737,0.5084768651830808,-0.8019366464792159,1
-0.3930465830889162,-0.832213587308817,0.5642938920616839,-2.7389398563732046,-0.39858727736394495,0.12485131797835738,-0.4157257720869119,1
-0.8970686322456649,-0.7805869595311238,-1.0038325285559329,0.20221529958599482,-0.8845660673565403,2.2059136244052677,-0.8685016651720296,1
-0.5050001751141644,-0.3926704775314474,-0.47582848769430414,0.21566475070201102,-0.502301365158547,-0.7523926725169844,-0.5088246970944372,1
-0.11067417533870838,-0.07801118710553417,-0.0035617655241308383,0.18114575795613533,-0.11944765725608822,0.19538452686925345,0.00855358277013371,1
-0.3384294434414017,-0.0005584266771420664,-0.5044205074907581,0.7212428208063678,-0.2917809096209001,-0.6392590812519193,-0.09322551131417378,1
-1.121668471425557,-0.8824889144324296,-1.6240861563144147,0.7530921918135446,-1.1019091723042438,-1.1422756947325134,-1.0924354081208791,1
-1.233442486195036,-1.3733153495755341,-1.3010816773745202,-0.7195170979007706,-1.2172561227620358,0.4636098767405228,-1.403214699533938,1
0.03198712742307101,-0.1067020965960842,0.4090193679673916,-0.3047619783599624,0.035583552540054825,0.7329430236845645,0.11009511433233876,1
-0.774545636023716,-0.6767970457261179,-0.8891698382945403,0.23732605098776957,-0.7945709040951098,-0.9691345667383312,-0.8450743456847989,1
-0.5660307881820071,-0.7074962704463329,-0.17037162094412509,-0.8018046191874912,-0.5387706350266914,0.7729998086176654,-0.4728942793286073,1
-0.45682216278065935,-0.5879812462200845,-0.14805132374124916,-0.5475234975365563,-0.47101043710882673,0.43104312415864404,-0.5668520842237297,1
-0.3146226301051436,-0.07615255890171284,-0.33725134068729895,0.4976194326064162,-0.31219977404236454,0.10436670002431116,-0.1864925574911848,1
-1.0622540536596368,-1.036517371912704,-1.2326443697749487,0.026711050588299593,-1.0553777216514835,-0.827668343479082,-1.151720049213293,1
-0.6628229290415996,-0.5703679259695595,-0.7189982589577117,0.21139983882189392,-0.6739719861058353,-0.22844155933727217,-0.6755826231855269,1
-0.01680657835878556,0.11796852417783785,-0.02565078089323866,0.44808749273872645,0.012710497683318186,0.3127450341767883,0.08616708614467863,1
-0.5132350749858657,-0.10797402284903221,-0.9339786555023518,0.9568943404010488,-0.5357519807913066,-0.15871228412841973,-0.33905155437667583,1
-0.9799820166236674,-1.037541255210042,-0.9974464790671917,-0.3246086643590018,-0.9860713837593973,1.1471374188701668,-1.1348713841842548,1
0.015466019892305696,-0.15670353974059856,0.4162580023856754,-0.4036007401058173,-0.007880160068615328,0.34533774183459764,-0.08994714850917379,1
-1.057020659348649,-1.3242720058361412,-0.7649164107313878,-1.7223928376814779,-1.0486532398588377,1.1629342357312322,-1.2638349404130274,1
-0.8897572725464908,-0.6894985994629018,-1.1733260826925718,0.5344834588771651,-0.8605886268039312,0.6204348243715937,-0.8599311403362173,1
-0.1976152210246768,-0.4597144507617318,0.36394722801232005,-0.9941265368539622,-0.2021538749247604,0.48614578778268264,-0.2982346582716216,1
-0.46236340381582286,-0.5707085207996393,-0.11392744863687491,-0.5571545948236252,-0.4830359702416604,-0.1042338522439986,-0.517884966206581,1
-0.7527911341819629,-1.2087231372243574,0.07798505741185582,-3.578196792674017,-0.7591323942097796,1.4081278521437426,-0.9412944767519328,1
-0.6673123604358293,-0.26236918694106265,-1.1365761817152167,0.9762593507844882,-0.6435891085171658,0.030951841459713587,-0.5109335213290913,1
-0.24935912457988432,-0.30801062478216124,-0.0022327261262253296,-0.17970648137971557,-0.26753350812041105,0.06541222922436818,-0.250747737507567,1
-0.626009591608916,-0.5039692893590025,-0.6100488850997683,0.19288410851478396,-0.6024323349176515,-0.42803399736561665,-0.5761097129696199,1
-1.0003768621003108,-0.850776184903888,-1.2837335302793877,0.4219629051071523,-0.9654561841031111,-0.7142089570648236,-0.8694446056443708,1
-0.9944764665536089,-1.254868171498384,-0.6738886158419632,-1.639651723752606,-0.9892127475165456,0.28561709571043387,-1.1850372792360069,1
-0.5935061083146929,-0.5721029711686292,-0.5141470884180682,-0.0330236384780564,-0.5807127495654928,-0.8170575828311804,-0.6221018172484518,1
0.3995048083015554,0.2564483659101791,0.6706222399343219,-0.011591067641132189,0.3529840015338047,0.5138592031492524,0.2351005134620983,1
-0.35484793539744175,-0.6178913867291179,0.17704280601185754,-1.1219125186325223,-0.3885741803880345,1.033550689779847,-0.541487716479364,1
-1.031341111773655,-1.1592323353993805,-0.9660098134092386,-0.6986148244429439,-1.0331427563079174,0.4056975340426563,-1.1891343190402486,1
-0.4785253568350498,-0.7698836003588722,0.07815544990096147,-1.4106551266328158,-0.5026940356281905,0.9794005418875147,-0.6432083336351535,1
-0.802610995711072,-0.9635026917220163,-0.4759327927969978,-1.0023300885297741,-0.792877512694772,0.3581530746094991,-0.9119134749800375,1
-0.03822757958268159,-0.3493726665162801,0.5549652625625011,-1.0031219397562565,-0.08130953789195869,0.6391499124518487,-0.21882664415320302,1
-0.8036628053520057,-0.8307431392554575,-0.7065996804119751,-0.28794201652530826,-0.8044367496449039,-0.25901111841612035,-0.8204226655067376,1
-1.4291047333024072,-1.4358252070532649,-1.9314561085890245,0.225130972685792,-1.4108426642963046,-0.34413444833807405,-1.652454333298636,1
-0.42380560161281006,-0.6438759413752261,0.04003526545627122,-0.9694967610327708,-0.4556962887927284,0.8134051812612272,-0.5659566562558089,1
0.003408689862088772,-0.561288263122741,1.0693027429558808,-2.675803538216449,-0.03939196525751001,0.2152386254805744,-0.24245497808221175,1
0.3342926105636587,-0.09637421780807953,1.0501518521328561,-1.1018137837924964,0.28701536263368876,0.9931175843154282,0.13326294244927409,1
-0.5400690477765188,-0.5210485106283849,-0.45909564302911393,-0.009838346676960135,-0.5435317644711194,0.8024573788883351,-0.5843257214262959,1
-0.5593864297185471,-0.9022217194305141,0.19868937935906567,-2.1667707527854927,-0.5697425183198261,-0.4237339505107985,-0.6107682575401986,1
-0.431681346972973,-0.5938259592206606,0.03792732442145147,-0.8357988092899024,-0.43608730721490374,-0.9222812196802441,-0.4825685561901836,1
-1.2630727333969518,-1.3623512295734264,-1.4537586197126255,-0.39719374542018776,-1.258437438265903,0.30919459686167694,-1.493397087731664,1
-0.8681310401731444,-0.5419983038358867,-1.294491821415549,0.8334076569126976,-0.8718288189974777,-1.793272039178812,-0.8124917320765828,1
-0.2232947685996707,-0.15032757675586333,-0.1617943276482858,0.23831762920766672,-0.2293953887562815,-0.8301040224465497,-0.19114512811634052,1
-0.12142315679117836,-0.2626894412778466,0.22899133472019076,-0.37502676328472134,-0.16332858223875465,0.354616690835862,-0.19415303512694707,1
-1.451167081868336,-1.4536687493693685,-1.9907957502757279,0.2790469693564552,-1.4386977257366438,-1.6017913951115115,-1.6339171469586615,1
-1.562222787614738,-1.5967331998071608,-2.217269265323385,0.32853444174666124,-1.5358100412603637,-0.11266496662008016,-1.7802264221088686,1
-0.5389146225608596,-0.6271504010068142,-0.2743220698754984,-0.4561521479849893,-0.5510661291074049,-0.034533339076747965,-0.5830575030390778,1
-0.2971266746144884,-0.363217376843616,-0.07590020045500875,-0.19027478559134242,-0.32464251954919443,0.7098633472521005,-0.36630911268178734,1
-1.0516589955692548,-1.147174655843194,-1.05988804065947,-0.5000070399928904,-1.052506318842215,0.40794591354727117,-1.205347047471661,1
-0.581859240583377,-0.41883242621643746,-0.7125417286664468,0.42520731385862387,-0.5978675407080453,1.2131442084812163,-0.5392802124278373,1
-0.582680165181179,-0.33143457871764814,-0.7537973430725396,0.5762038787315297,-0.5298373818423007,-0.6608354778612937,-0.31487865405084964,1
-0.49779143098971557,-0.5813835271057225,-0.09820911280556435,-0.6037711343139863,-0.4467875775126904,0.49097416171659997,-0.3140709414757048,1
-0.6092319451413375,-0.3217468110888015,-0.8978443191588166,0.7183044998483418,-0.619145371781855,1.27933047547744,-0.5542101032399023,1
-0.9744151216948225,-0.9644500418546196,-1.0458459662093857,-0.08919023898299126,-0.96589793838146,-0.40294608669847287,-0.9447080674541283,1
-0.191150439816986,-0.3155088382037342,0.2019761309810036,-0.4434740203835028,-0.1906191798789812,-0.5892035103270923,-0.16494015452453906,1
-0.9303417323503275,-0.863860583820088,-1.0714369705587778,0.14081178397673938,-0.9356868541232596,0.4847267356429065,-0.993624018158824,1
-0.6151066867943581,-0.32489504157134796,-0.9075446276579343,0.7234434845837131,-0.6071934643620795,-0.600669066875046,-0.4344456988285029,1
0.03952937216537692,0.0398456820732894,0.1515841565753584,0.19050428976836084,0.003703618785869319,0.26831505286341284,0.03929051832202273,1
-1.450192233908446,-1.4334901082479659,-1.9633783778292568,0.2794462017813628,-1.4147448270883873,-0.7693817199782876,-1.6020691497649437,1
-0.31741890451640664,0.023637640794697278,-0.630264387714351,0.8432681704905541,-0.32054402152228995,0.44305572089018863,-0.22904914221962738,1
-0.38701791807380775,-0.2847876484410962,-0.37885935710445634,0.27023153012424844,-0.40207222778203144,0.886243245806095,-0.33620811372752357,1
-0.1261691271222212,-0.05266196051136083,-0.02635218827430077,0.23798068891676322,-0.13024609517128577,-0.9586100360759252,-0.008693456334428522,1
-0.5118497647270749,-0.6709085845832996,-0.1431693637610651,-0.7512175239067584,-0.5300828008858279,0.5614872540201697,-0.6670815397023288,1
-0.9868572601302591,-0.79717151593863,-1.230615484209907,0.44265255666778025,-0.9465098339428099,-0.8038246671295574,-0.9364555109171285,1
-1.2425752723455832,-1.1578275686260586,-1.6668954668007778,0.3889767995877309,-1.222802593145751,-1.4884295226847577,-1.3426326015900472,1
-0.9363703973654359,-0.6974814458968025,-1.2954611871482975,0.6509298572419526,-0.9384110055064118,-0.7206452919283562,-0.9823964478835082,1
0.10158614098047211,0.02447351357286799,0.3162051020029175,0.006542313259427166,0.05629691981375195,-0.12319514864004268,-0.0030065750361239585,1
-0.2193953767601112,-0.2766681838064986,-0.0063089736226536195,-0.12079712154605987,-0.2549189692831121,0.1029127479446613,-0.3355063905853163,1
-0.9562265110747719,-0.8796358819445509,-1.124958980731557,0.18081987360507445,-0.9469761301255116,-0.3333251042253126,-0.9798929043813625,1
-0.5577445805229432,-0.6625161896592722,-0.3198062602213819,-0.46994091010446104,-0.5812281295569,1.1820718095715839,-0.7089181272484024,1
-0.3718051591207894,-0.3368304617336693,-0.2979590628784846,0.10803369186656621,-0.4015323058862716,-0.17855156196098312,-0.43633523458121737,1
-0.12855493923458328,-0.024256527589330477,-0.10202439538807181,0.34638054546084307,-0.15304552431496424,0.8037331635001254,-0.1287721742366083,1
0.43911442014550206,0.18912599376489805,0.8513830709702742,-0.29553851069459536,0.41782371283369546,0.5013242675320446,0.32511112568230527,1
-0.7221603851264756,-0.6900884297918201,-0.700509991359032,-0.014649995830690526,-0.7068581379384824,0.2534672523835133,-0.6804508274845894,1
-0.2891996214669628,-0.2005793117010637,-0.26197581601495173,0.269067421636702,-0.3025793475360976,0.5935714517765345,-0.35645940503466006,1
-0.7790094135242643,-0.7411338673585663,-0.7816859499285034,-0.005579716077295564,-0.7917731269988995,-0.11440725021373208,-0.8409371029922019,1
-0.8382442540344152,-0.8183817000547695,-0.8818870595517265,-0.021121908159085243,-0.8425503271046807,0.9523776213635635,-0.932230552831756,1
-1.295576216691175,-1.2641116749535193,-1.6804092164505937,0.2063785699349902,-1.2738742961037648,0.4054380581357821,-1.4793772441196489,1
-0.7554334852311381,-0.7985554696852589,-0.6810042746402463,-0.2549746662224738,-0.7805083929010003,0.7235424582172111,-0.9156304147489162,1
-1.3901621226941745,-1.5215723772594247,-1.6710409721488224,-0.45393288408440097,-1.3696858906967904,1.6568704088230057,-1.6299407158194874,1
-1.0325468447766768,-0.8625516801041707,-1.3657665372489842,0.4985592982740223,-1.006735667224389,-0.3517893431398629,-1.0674584500279407,1
-0.4115430404331426,-0.37298963482368763,-0.3525646896200347,0.11165649514430384,-0.43176793204882474,0.04060654959916039,-0.4647659862647071,1
-0.08022300353899033,-0.2523208314905919,0.303842531455291,-0.4477871773718529,-0.10820746506254168,0.9641162956715661,-0.17143840320602066,1
-0.035482612958781135,-0.5497910047274559,0.9268377249250433,-2.3049697127911744,-0.07993519124820628,0.9190891604807727,-0.31394667800260523,1
0.06123256621976738,0.0037683271063931826,0.36554947584412606,-0.07549556313314504,0.06216243495405244,-1.3938207259403756,0.049220631745861845,1
-1.3639181894581918,-1.545112678747578,-1.5241254456139748,-0.8392599277560109,-1.358691117546771,0.9336285502855539,-1.6518512899733013,1
-1.2449610844579453,-1.3526178581602348,-1.382612241668559,-0.49982580234175905,-1.237871322418322,0.24428484428831854,-1.4378220767920644,1
-1.1889586345516399,-1.2857139505549633,-1.2372423609544823,-0.5732604071973851,-1.1876831280170062,-0.3131552032625985,-1.401782014785265,1
-0.04746298130795412,-0.21569928447061176,0.3521776865759596,-0.43701244391870914,-0.08580070638850676,0.2864982022354,-0.22363637152374768,1
-0.8007895692596988,-0.7501484387298081,-0.8277395850475933,0.036597553379454605,-0.8077253648281686,-0.7420653218366015,-0.8568903400533193,1
-1.2360591833505297,-1.3004798061062057,-1.3869969970460618,-0.34647108747827415,-1.242976038523688,0.6268853811945385,-1.4596412807450705,1
-1.0187450499761306,-0.8708601529242527,-1.3499778927489923,0.4679616856502201,-1.026320106897861,0.8533201395753888,-1.123928888935461,1
-0.523342709096303,-0.7063743838947031,-0.1360630682432241,-0.8533391686316147,-0.5295919627987734,0.8517860579823072,-0.6163126013252423,1
-0.7687478560517393,-0.695387149421304,-0.7943312823383236,0.09271399226554249,-0.7788886272137205,-0.4765892638509692,-0.8287556278204483,1
-0.7499692058770185,-0.6512891005097301,-0.7990346274360596,0.17328615900601793,-0.7532423371651265,-0.7850146474702172,-0.7426520053868021,1
-0.7081790130701603,-0.47986510203988697,-0.9822453694063823,0.6132107016601684,-0.7233748395678641,0.6882906745505206,-0.7116701976967466,1
-0.3476135373793116,-0.24491948137960193,-0.26429938070848646,0.20927223508789922,-0.35546715141621293,0.5045529517285348,-0.31384799818573217,1
-0.6179029612056212,-0.2014655981017075,-1.0853856583958676,0.9905494078276378,-0.6193417070166768,0.4389977093288577,-0.5220624117875339,1
-1.5286674946795813,-1.5997898924650111,-2.0864733626423533,0.10110293587849946,-1.4938679267215622,-1.4449347849076435,-1.7649164312614412,1
-0.2244491938153298,-0.30664040295955336,0.07581533233670099,-0.27033719374276766,-0.2116515919092637,0.3742256664914506,-0.1879252422398581,1
-0.04266570318954867,-0.14506073243585196,0.24858118085401418,-0.18798765727444455,-0.08106411884843147,0.35989352431891075,-0.07215554300779489,1
-0.12650262774007826,0.1593447591596422,-0.2977125852291721,0.7141208125683532,-0.13591527507676449,0.023607790036626688,-0.06411862014470247,1
0.27400596041257413,-0.372224514436711,1.4260895234087498,-2.6478994760187784,0.2330477149620537,0.568066257592343,0.10233961168773568,1
-0.8766224789816588,-1.0127562955777831,-0.716947778601586,-0.7201663297188995,-0.8844678997391294,0.5412614195881325,-1.0351791854864083,1
-0.6314225631756729,-0.8251076671477579,-0.21047851015607238,-1.0601787428242728,-0.64515979039574,0.09536324534736534,-0.69007028222568,1
-0.7506105532190513,-0.9117938448576419,-0.45099735418438275,-0.8937739754411214,-0.7472541125030623,0.018567471481242635,-0.7278500328558681,1
-0.4841692134449386,-0.4247473052528963,-0.4595561170718572,0.14903153182895393,-0.48715901017291763,-0.37795563387951986,-0.35895563892074095,1
-0.5112853790660861,-0.611417560180621,-0.22449774084393218,-0.4916006926910627,-0.5226711457713059,-0.39650232273245745,-0.47742624128869565,1
-0.6824994654951664,-0.9291622539797499,-0.16412378692516846,-1.4852655495234983,-0.653626747397429,0.14860255159169652,-0.61635645902163,1
-0.01834581197966432,-0.2969983934644644,0.5155472009501759,-0.8214434801049146,-0.05968812015721086,0.7994921564899754,-0.04146246515229362,1
-0.7238278882157609,-0.4083681663567219,-1.0629520550915499,0.7704692489416056,-0.6923784143703766,-0.2886701726828471,-0.44851670975297125,1
-0.961819059897298,-0.6613260056481712,-1.4446443308745598,0.8402752899095566,-0.9599833394324541,-1.4251107021159273,-0.747289956779828,1
-1.175182493644775,-1.4807288650483557,-0.8834336200837337,-2.184652550125098,-1.1717063482833843,0.564998899069671,-1.3317412736537062,1
1.2770218955645343,1.8850593292731268,0.37573512572164597,1.3920621147892276,1.2630223568370784,0.601247192976727,1.5512736368725646,0
0.7641749069814141,0.8826622574727668,0.6819339693978382,0.6583034822752082,0.7951800341611445,0.5718677124910988,0.9725420945692821,0
0.19860916688319638,0.48502217463641845,-0.05059713999710918,0.823465830109943,0.19584218796332759,0.43553043305010497,0.40531954275980414,0
0.22518660073703625,0.13602799097508084,0.4771182864516608,0.006973450600915891,0.21908337138535505,0.13266985887892008,0.18665968780160588,0
-0.677137801715772,-0.2347892189904248,-0.9031471323744855,0.8138547730986014,-0.5865537228014406,-1.9108897393944733,-0.3012644941304224,0
1.704390110401521,1.336529016044981,1.663515718740336,0.3963923662925755,1.6488456351662164,0.41341128155806955,1.3318426174195448,0
1.192877124289829,1.4644768919871705,0.6784634749061724,1.0602928353967989,1.1521665748758345,0.8033216436192598,1.2119649139591433,0
0.6304155053270502,0.840474588657257,0.3660964071118998,0.829803143571513,0.5992129279046616,-1.5869167413266683,0.7340073935312765,0
0.9434186621327453,0.07786930380588253,2.332575315702155,-2.704449633442732,0.911017822705991,-0.023536770353551603,0.7588491237270191,0
-0.1204996166186511,0.6592267639822771,-0.42701769073713625,1.181180387071523,0.061843390197467055,-3.901793019480855,0.7361673850783829,0
0.4970152581842246,0.6710141975491578,0.31973427011640504,0.7249344301385784,0.4767242832802276,-1.2462810523398888,0.5849168094684664,0
-0.6006378907580978,0.1606091947234863,-1.348363525493698,1.4148215202663559,-0.5490782348548345,-1.2208207883195792,0.043153650412194884,0
0.9999085360189955,1.97043544952679,-0.098944276433881,1.5962736987280868,1.021333682771475,0.6952676871421164,1.4130707259380635,0
-1.0967841945546837,-0.9255851054491938,-1.489526096803832,0.5463867844419656,-1.0958964057378269,2.453742700888794,-1.2034611665269792,0
0.8009625905204163,1.5677628661689331,-0.07127827466505905,1.448593926886147,0.792136838021407,-1.567461624816205,1.1726903468437322,0
-0.5188532777020732,-0.24678443704706343,-0.7491704614291538,0.6693798612052876,-0.5000925937668019,0.06746155743650971,-0.41794058575450344,0
0.23639735227576986,1.1094986091825745,-0.5173298431769854,1.4532223775657467,0.25408012699233623,-2.3588870187053295,0.795799232933868,0
2.4879113312161705,2.6660089375057505,1.3230226615126839,1.3268609392344184,2.491320127786447,-1.0134018563212597,2.2866721802896754,0
2.0644168543250623,1.9416072311434778,1.481126575606241,0.9316479134421671,2.0393318753223717,-0.3362595809929924,1.8982209085735537,0
2.759816950344403,2.794525985961864,1.6273117002152457,1.2641616076538575,2.78025196773104,0.5475676983754524,2.658899759150287,0
-0.5785242344048064,-0.10288865980933808,-0.975397386740345,0.9923698048804872,-0.5273095656939704,-0.6222682934718999,-0.3307697593754173,0
0.8324912258547496,0.35253387703521605,1.4422855226484368,-0.6619056367204762,0.7927013018215195,0.45620770241488673,0.5734662959031792,0
0.5222330356729549,0.46712422975715023,0.6313920984397536,0.2894501656247777,0.5050456409032684,0.15715921218580928,0.50888583797192,0
1.7976420139330924,1.577500961191531,1.4776530267396388,0.7025999028786789,1.735478557531324,-1.0888242754487778,1.6015235925090605,0
-0.10272146829750148,0.08539911488044317,-0.18226677004704028,0.5452358145763178,-0.11878502583856473,-0.7924213877933487,0.015293048781748326,0
2.2949940507327,1.629968791544718,2.24724949439654,0.27356738855848883,2.20405713733784,-0.3048093457905775,1.7791143696079739,0
1.0118119426871246,0.8568902074766731,1.093517923530057,0.34333123305864294,0.9684949627000652,-0.38196390600911134,0.9432707370383565,0
0.5261580814061957,0.2127773569850437,1.134541859794232,-0.5661791331184916,0.5230103148894607,-0.23509762347373997,0.5141231778822478,0
1.0554748697327188,1.2233411217534738,0.6912181723530498,0.9064640777258826,1.0043016011506862,-1.7795991035381833,1.0270608659875382,0
2.6124096772515806,1.7747810007443914,2.9869463995739083,-0.0912020212229408,2.9056120151647424,-1.604133302712375,2.5743494301303804,0
1.2750978535384359,1.4933475806030603,0.7527439158486787,1.039081627074845,1.242603492415614,-1.8336150784713148,1.3299238432025715,0
-0.32403760908618534,-0.5615792902341126,0.2620967659309708,-1.104419640010416,-0.31480121590375304,-0.3659137324263419,-0.28826434195942696,0
0.7197167092316993,0.4963230859196669,1.0128404385499716,-0.006265915501893113,0.7205481030245178,0.8071921311604842,0.6780230440920562,0
0.11246339190134866,-0.4846898085864779,1.3973751064420699,-3.1079757289681966,0.11617916643439292,0.8999442323903561,0.09102798082767719,0
1.6936667828427323,0.9112396347784318,2.2977530535651978,-0.6204805256721161,1.6658286329782999,0.7405844824773284,1.521274972543205,0
-0.059315080188720545,0.052461716750191796,-0.07196644175109654,0.41253064856581445,-0.05320905740809233,0.4460426130635471,0.06091967225734807,0
0.47479898625620787,0.2880247402356265,0.8172086065300358,-0.10918121718288612,0.48845531356082855,0.5646828721610242,0.5136772913023034,0
3.158478458152001,4.7694446340295835,2.2575833735300885,1.6195618728070602,4.590094704222502,-3.5958325259851844,5.598604397066018,0
0.03421901617334521,0.6571788042352629,-0.5658703479678042,1.2569283310192672,0.05799031121408974,0.7275359844204651,0.35331527926779016,0
-0.10869882552524732,0.29465661023544215,-0.4720450698883336,0.9584491954919403,-0.10619502890561851,-1.6895274861087315,0.12101202592490672,0
2.140865457495374,0.8661093530423424,3.160351016767402,-1.6716337992721861,2.039209165800608,0.04504157407667454,1.4374629147458293,0
-0.2744742864938894,-0.09464683834241913,-0.31321688263437014,0.45401852810630944,-0.26233062439763405,-0.5709946117233222,-0.1256034556725789,0
0.3242362842405842,0.22971264182206963,0.5829161838712239,0.03546440817032584,0.3190425478139906,-0.4812902202564072,0.37702767378154295,0
-0.38989115416611475,-0.05568587504501623,-0.625596432133823,0.7643906754910286,-0.3487672115279199,-0.29295944078947983,-0.17835330000318791,0
-0.10900667224942306,0.22951086747425423,-0.3880669885212774,0.845829160419533,-0.11024444312381758,0.2193085385763596,-0.022395331647631217,0
1.4998259621867343,1.3544744203506973,1.3434415642815656,0.6162433526059322,1.4536147860403152,-0.07647007991324205,1.350014322956286,0
0.6619697945550647,1.1066321051814167,0.19095952298992627,1.107853527777932,0.660469521169055,-1.3407034104242253,0.8339590835994186,0
-0.32698780685953627,-0.053170709110444456,-0.5132452151642655,0.6748438108097492,-0.30024786662258907,-0.26285810229810364,-0.1297882108695959,0
0.7337493890753773,1.5670808530244766,-0.05314744899624538,1.440961672622858,0.8455154799885767,-3.2420133800319517,1.1514266737116403,0
0.32105520142410143,0.4298416705980214,0.26382038813772507,0.544428996842091,0.32073593921432836,-1.12079875827351,0.4506464719767525,0
1.4258914405971914,0.3306574665290925,2.858663899195118,-2.7626847028050268,1.3532874810463889,0.9497347321900665,0.9360232527102468,0
1.974782149802556,1.9783820031537762,1.3637161828619158,1.008037445321776,1.9097015365312955,1.090035016760888,1.7874911896180732,0
-0.41469846935594407,-0.263135492110683,-0.45771571406189654,0.37858811562521455,-0.36651100837493766,-1.067508103270457,-0.234008716719499,0
1.3703251068834683,1.2481815712930862,1.2436291829149695,0.5940866730997785,1.3035164990190693,-0.7551864267388919,1.2500626328881441,0
0.012464514331592121,0.7200633220620918,-0.6613801618623087,1.341190755564237,0.027754685051536596,-2.7012479249344654,0.40744298622658714,0
0.3787764622070548,0.7283334800117218,0.09419514560644524,0.9172690322250087,0.38535477337504465,-2.3628321341072644,0.6062974364575933,0
2.4205955141964064,4.883667074662224,0.3479558038404875,2.00050795046449,3.198814146466709,-5.981677747668346,4.15837977942223,0
3.0902647548533904,2.1054328632554102,2.8240189769492363,0.31904093441234666,2.984955991937092,1.3518419214965172,2.1536335131048556,0
1.1620411440848912,1.8158026088961412,0.2166852340808825,1.4282633053399163,1.1192804230431874,-2.1896497250045726,1.3844608886609897,0
2.083221158393464,2.4883533513877243,0.9422725262934241,1.4001047571201306,2.0500321456201585,0.3259579642828148,2.2494296864402394,0
-0.15143821239831412,0.17157428307414574,-0.34585178798659183,0.7626302884844006,-0.15181842909732815,-2.178206287346127,0.09541740527450394,0
-0.18281292437055943,0.23277689070285212,-0.496077148090804,0.9255423205153611,-0.1468855063224311,-1.7243819718539728,0.22052148422113652,0
0.35548272674442294,0.08667611396912166,0.8214901976919451,-0.43570412077697973,0.34954813492442366,0.25791273748643717,0.37331438882069606,0
-0.14358812093183246,0.17311363046345732,-0.3868679982433902,0.7949992997422904,-0.15721764805492694,-1.311243126753404,0.059819575039616366,0
2.0130834130687556,1.4777690822914258,2.036546597832701,0.2747132624999609,1.8923258682495685,0.3700358211089807,1.5169440250248951,0
2.5871149380818066,1.6390591441662363,2.7185033770308022,-0.041366142712435876,2.4967929724571043,0.8916498546687909,1.9461390966854237,0
2.9325959242880435,2.1873899310293554,2.5065719672334277,0.5598589124205661,2.897316851493523,0.33142572757098887,2.419458665720265,0
0.24553013842631713,0.32744570531084166,0.2757922829144312,0.42796098511193925,0.22045771802910746,-0.08965421055145675,0.286337267267323,0
-0.6028954334020533,0.10188236633588171,-1.3502321464445888,1.3831366035948163,-0.5886888684801274,-0.2483705665058698,-0.3078321841645183,0
-0.02794036821647523,0.08229990628879225,-0.003044335194884667,0.3867293862451181,-0.031072259681937345,0.6711176398458614,0.02687148062816804,0
1.7418447951762375,1.9355676412305798,1.0032604155791671,1.1508745604191848,1.7062246075428797,-0.046066375079497617,1.684875144494363,0
-0.09002279092525173,0.2406993459888267,-0.32423434729155065,0.8090872036889947,-0.06540638387139502,0.16734602745146368,0.13404507136819319,0
2.2935061248991837,2.3168649943864428,1.4736258734165073,1.1262293528102167,2.214315653357277,0.7418809637826864,2.150749869567348,0
0.5924220887850262,0.757585405641357,0.4157707335085425,0.7321523857663514,0.5979367488783202,0.5787621441525754,0.7297568517896775,0
-0.7927342466437666,-0.604589741445466,-1.009793705684108,0.4787121691511417,-0.7703480444989734,0.3540321121646618,-0.6780276897591551,0
0.6471161901135847,1.1001595487819982,0.21608941880322394,1.0906856140249148,0.628196916945226,-0.700172070254947,0.9271164855354607,0
-0.46754549033944803,-0.27880563172148076,-0.5986578319579277,0.49437631999218096,-0.47950193601486846,0.3719777735275533,-0.3445118375769755,0
1.940405932269597,1.412678866515941,1.9402597417470993,0.2794367300092539,1.872176964775984,0.0968936217457585,1.6667838447343326,0
0.6794400961520385,1.290592870850645,0.14562453665799732,1.2303083309330107,0.7232722544076698,-0.9360392063807855,1.0598444940375322,0
-0.3374032876941492,-0.05129986143439055,-0.4580334971549348,0.6304488726982389,-0.29872626855272033,-2.0002556482273532,-0.03215366909395076,0
0.07067319909449042,0.3677301070375873,-0.1514810925665714,0.7951130717885694,0.1053071028061372,-0.4917221397646859,0.5951393075348915,0
0.4245173546408352,1.1330967804908159,-0.301945576602194,1.3660251659753868,0.4118600300759841,-0.5883651819589901,0.8216862382268569,0
-0.14476820004117283,0.09369269082646604,-0.15368103313585962,0.5301963132583062,-0.10496793368798242,-1.296161580885305,0.20558793860103888,0
1.1290758907044045,0.8778211088334135,1.3649587230021067,0.15664561801474514,1.1732480707148225,0.42449679366691295,1.1802594542786857,0
1.9311705305443245,2.286950369983851,0.9554291802826164,1.3216813865113668,1.871465249549755,1.2027032505434663,1.9051467697948186,0
-0.27686009860625144,-0.049241112749646224,-0.30060516636286216,0.4963090821731132,-0.24200992759358045,-0.8463592729414385,-0.12564000375290219,0
-0.15905741882166397,0.8420747100500218,-0.9957466413541294,1.555332933116472,-0.0985134128432166,-3.8932208082969098,0.4878414533217676,0
-0.1270157056137045,-0.007027238163152184,-0.06630020395373584,0.3348982872482349,-0.14465219302633342,0.8781862812412073,-0.09526854900424575,0
1.4850749733199795,1.381816946304841,1.33990300886896,0.6395419622513704,1.4837522445854576,-0.9540020463735982,1.5695842251145344,0
0.22162070951533377,0.9508451870925412,-0.4391433270559619,1.3452631966038424,0.2475028966258068,-2.733920069720839,0.681897140606325,0
2.073241793751434,2.585404481924751,0.8208848690171207,1.473959853266958,1.9834008753025187,1.819332379772371,2.0433898836176745,0
2.699504646299637,1.985147476798158,2.4407790377766903,0.44916812777264886,2.6133670181325326,-1.2797405509977284,2.113810724784596,0
1.3620388992244044,1.3550064886454303,1.0715862985402325,0.7788471920051998,1.350906916324175,0.6454370103070634,1.3543489252826284,0
0.7999877425605264,0.45192520163274114,1.2161522581634554,-0.2605605413518953,0.7654352460856457,1.5898536355363582,0.6962093688609264,0
0.40691878357545475,0.2194758464333947,0.7892997559335008,-0.1832178057770539,0.4124490357804494,-0.9776229432141568,0.6077812885187188,0
-0.5021269390218575,-0.3128672652737563,-0.526952391213261,0.38103486822788074,-0.48090082456297356,-0.6545970340777555,-0.24369761281320343,0
0.028831698500269565,-0.30356780713845505,0.9154892148626806,-1.4409706023068005,0.06466570919803005,-0.5322825130527502,0.2691158118189873,0
0.7509631517355381,0.5622182209488902,1.202120333605445,-0.09095065922390756,0.788259217133677,0.17447412964872178,0.9255924305859796,0
0.9043477820561061,1.6143039877672545,0.04927787607125611,1.4176429229988285,0.9059621904093303,-1.0895491275512428,1.3015552232556316,0
0.17062076887688432,0.5688083036476083,-0.1850283913525887,0.9767967824574322,0.15485720769428232,0.3813652211086575,0.33045080021753764,0
0.03865713978021229,-0.014235196220417903,0.3276784611419922,-0.06347095457295356,0.08672888121112686,-0.3154783790458663,0.25086735531356724,0
-0.48286086486719165,-0.26035098127695316,-0.6120854386270531,0.5295423289369785,-0.43949863191993205,0.5474946611286218,-0.2197147625050588,0
3.0030415163369275,1.4288948744661834,3.723074778034407,-1.186086798997275,2.902593360929358,0.9637456452109107,2.04793281000186,0
-0.10546643492140192,0.0586778306541644,-0.18141846644645507,0.5151095860168987,-0.09708998239075875,0.06271913279152028,0.04367994276885032,0
-0.31490482293563804,-0.10702253373775976,-0.41027780259527263,0.5269152360089591,-0.2949468152824012,-0.7642093243314027,-0.08264484206057963,0
0.8524756090324921,0.75700619955331,1.0257511072727052,0.2913141549855242,0.8461781114061002,0.1339258263130557,0.9224639149103058,0
0.4460666253331378,0.08306377204785964,1.0268713703360495,-0.6830436077495431,0.3957850827249514,0.6997561188198462,0.2856136152769223,0
-0.26685508007053954,0.33223406645099796,-0.788776955557653,1.1890770976433582,-0.257839455901086,-1.4629794573063961,-0.014263383775698819,0
0.0013563783675837637,-0.43246690919431385,0.9291327494270811,-1.8695136974222621,-0.005352343920284992,0.5425161893835792,-0.07880729362663402,0
1.323609366489798,0.7893209892304481,1.8773403045814747,-0.40030776498132814,1.2969883524612453,-0.10997759639720667,1.1169143214623545,0
2.3224437169717045,1.682617474570838,2.23671749721581,0.3268396149123688,2.221751850376152,1.6831287867498625,1.6987451409770522,0
1.4437978583867477,1.077782029541584,1.5539233809441748,0.2257596767919682,1.4207286342076682,0.5597675197174299,1.2439079361617016,0
-0.07257814322195916,0.6979759202200292,-0.7814058361253154,1.3910182036436605,-0.06027712586167618,-1.3079633932078618,0.2940452574075061,0
0.7757448130316861,0.5418207114977697,1.0710726951866612,0.0006540836549228972,0.7783933715838829,-0.44744876842279724,0.8340029412958063,0
0.38390724094331735,0.7301686057150021,0.13307384984009293,0.8942158134848411,0.4411385219687811,-0.9221253956591444,0.776286212849262,0
1.2610395198010766,1.1068829005578402,1.177350169502438,0.518726506825642,1.1846845981431908,0.423553054381214,1.0695589737874631,0
0.6516569292951769,1.0178532883120763,0.1955589552900064,1.0521428573934122,0.6282950845626368,0.49314692156596684,0.8134483009219869,0
1.7252980337517907,1.5499442206718104,1.4214962539005627,0.7151603700221787,1.680995529868282,1.1517749752775888,1.457491262762994,0
0.7416764422229029,1.2082272841575157,0.4873642492256245,1.0096501169958745,0.8873348850056145,-1.8131165566806322,1.1783735733340044,0
0.08573203468542093,0.5817149041122183,-0.2520230392084704,1.027772774299473,0.1463411668838879,-0.4980545794720842,0.46654488691738466,0
0.34424632131200805,0.5656906852237533,0.44790967322144243,0.5380496309279723,0.4517406246491569,0.26392997366178583,0.6561088151302092,0
-0.21323844227659616,-0.07210981838528029,-0.22761372768729035,0.40300096016984965,-0.2080684738737663,-1.1631027624987487,-0.15743317882613517,0
0.13929736469200163,0.18967349096490654,0.2857205766840649,0.25890979352318666,0.15318835819829726,0.30687752155047526,0.20824863884857486,0
2.0388399223247933,2.23454873052245,1.1510461847733695,1.223184871464416,1.9782716172928,-2.261179780971716,1.8793547895106706,0
2.7129985943760073,2.918800844280081,1.3449998399226848,1.4054263088781591,2.6177600190116697,-1.7513983427913502,2.556137521705284,0
1.4974401500743721,1.3967203754710236,1.2916438868680327,0.6798034633265063,1.422691986555886,-1.2476892321659534,1.3272850718032299,0
0.5200524547100434,0.7341796183730774,0.3253584852389302,0.7731744756809601,0.5347413451700617,-0.012958645359884027,0.7779893533923271,0
1.128947621235998,1.2297235303351988,0.8193363289459181,0.8374664718941792,1.095253898681873,0.22454590612203904,1.0639488434578381,0
1.0578093740577181,0.947523266957021,1.0474070398972426,0.46474658954085696,1.0702702400508022,-0.9496854945606181,1.072460891365133,0
1.1047559994945202,1.5714552059249907,0.37416657008729165,1.2598988006119864,1.054146208891064,-3.045065178520627,1.2698461087671427,0
3.0506551430094437,2.4363287280441126,2.3849426380445253,0.7794904970419505,2.918717392089096,1.517039430199717,2.559039439282953,0
3.0192804310371986,1.7400754050582206,3.19648929017221,-0.2833039500583491,2.9033050761555868,1.3058139720513269,2.086648191488324,0
1.5037253540262938,1.4412504121731193,1.1989824016986481,0.7659904411832461,1.4287538369310082,0.883784362589058,1.3378365025925643,0
0.9802319995654288,0.7955153993650267,1.0934241366058,0.27972478266235407,0.9540152391319594,0.6871184856851931,0.8442583326345225,0
0.3411678540702505,0.4590467999000828,0.29338320277813656,0.550688830099992,0.3512906101334669,-0.5521849101867597,0.518165395566004,0
-0.6762399154369261,-0.5107855353373424,-0.8268094237983891,0.4169593279396166,-0.6593204692072604,0.7104358746840086,-0.580831724947389,0
1.8676258358957132,1.721878855287468,1.5268473218867833,0.7738741239141438,1.8707044505148207,0.4430778959190109,1.8773117518205977,0
0.3295209863389346,0.021013246350769402,0.9201083765033589,-0.674690557167739,0.3116063507951159,0.47178086025107274,0.33303474949639483,0
0.6414466796100146,0.9620954959124144,0.25447276386911205,0.9831946709481202,0.6325653759200104,0.8167776195264187,0.8204801515761885,0
0.465537930637254,0.7776348252618588,0.2649845233139417,0.8462735693200727,0.4953025048752379,0.6372193563139109,0.7724121163349932,0
2.3117203894129155,1.300154944595618,2.802910908317716,-0.5171177464579825,2.212843139096114,0.7054618192316257,1.7601495707282175,0
0.5502727414666295,0.45040526691567345,0.7073610382787974,0.2056737371528612,0.5015852323895347,0.7596592364259036,0.4653241810345865,0
1.0459059673895892,1.4733926271346627,0.4355391044547789,1.1839755014821052,1.099205145282661,-0.47729207191634376,1.2536991668803112,0
0.9328236040423631,0.8193057080990825,0.9941397097515547,0.3797458652856372,0.8779598775428749,0.5518667160095235,0.8142085009927109,0
1.1795627534692277,1.2965091752478828,0.9236692632797725,0.8234191137789638,1.193225180857938,-0.3727345467347485,1.2307725560935099,0
-0.187866741425778,0.43229910122931264,-0.7391143382654543,1.2224577827873524,-0.14806351773136173,0.28941022327769184,0.19442980967833792,0
-0.6237263950712791,-0.8993402918243928,-0.12340962953032823,-1.4613207213020523,-0.6453070418218563,0.6521262340646886,-0.7880118278760411,0
0.5640488823734945,0.3975450303423459,0.8015375214386561,0.05633476563347575,0.5296120871603428,0.8471811746553273,0.4544109242500516,0
0.03673309775411385,-0.35567846432742006,0.8175117122106157,-1.430714999511952,0.020318488032661917,-0.047064101671653744,-0.07993297450059142,0
1.6537236703809286,1.448967489612975,1.5364123271805556,0.5718184593227443,1.6238619765351459,-1.9734375987713717,1.4787183878147627,0
0.049175236189550456,0.8556184985201055,-0.6202462640972941,1.3875549027926333,0.09978517432677482,-2.845792173185946,0.47318932792015933,0
1.0694818956827155,0.5765095943329904,1.7020863574368548,-0.5567310127436327,1.1134394498072397,-0.9726729902403582,1.0298421749001407,0
-0.329347965078217,0.29689295128512955,-0.9048733185748802,1.2366485357776453,-0.3197095967742974,0.24153042501205257,-0.03222676525459728,0
1.2410294827296529,1.039261996815489,1.2405984523628546,0.4142692228013502,1.1906482809009022,0.5685472592301845,1.0786192428996078,0
0.364512897320245,0.1980113919233233,0.7534267908198187,-0.1793342130405558,0.3644450708665257,-1.1542152542172295,0.36675400840266553,0
2.084991277057475,1.8453060249057018,1.6429473897847489,0.7918800623979175,2.0167533233178676,-0.30912228597439106,1.69483449638246,0
-0.24371526796999554,-0.3445429587037976,0.16577455835773083,-0.4550409706402989,-0.21577463184052095,-1.4263553481218438,-0.10306790934523656,0
-0.8589726001289157,-0.30971727744984995,-1.444406145673061,1.169445836299815,-0.7989393630698942,-1.3929826221295294,-0.5259913304222876,0
0.34978756234717157,0.8095776388900229,-0.06660335967322296,1.0691305083677474,0.40086525692596475,0.6325725369197659,0.8307611265711304,0
0.7948313099305826,1.1326229450390901,0.377128761346509,1.0231282160682373,0.8318947230728162,-1.0440896635073904,1.0733343904848598,0
-0.05867373284668773,-0.17511205436956487,0.3068193460849455,-0.3072310754823313,-0.06962759142006315,0.06424496190552187,-0.1389471597986135,0
-0.38868542116309307,-0.23918977679963557,-0.469012656027357,0.4205893098235848,-0.4041582896520128,-0.6663746129299959,-0.37950296967849667,0
0.9930846002997664,1.417708902620567,0.4687877069887795,1.1390250079325386,1.064821937284498,0.25205695797664074,1.0789152823502268,0
0.7673046820105343,0.42855436545245784,1.1916946270712725,-0.2714019538650732,0.7297758590611412,0.46394122968174867,0.7162596457262854,0
-0.6504064444998443,-0.8074454362413896,-0.33591613249283014,-0.798588969173326,-0.654952010232476,-0.06049674233751139,-0.7415519081690708,0
0.5154090999537257,0.26831084433404795,0.9221340835969727,-0.24407426284791028,0.48025831750701947,1.2077400697483118,0.4089158738636159,0
2.85299189219493,1.590810289454337,3.191268184488436,-0.4601034278882605,2.7064299194380532,1.292361982035424,1.9076612777210606,0
1.09244213052749,0.6981735538646017,1.437604124615697,-0.1224773696059706,1.0194930399450208,0.3681943019222118,0.8335424354837329,0
0.4780826846474159,0.6045871261551463,0.3744098612589508,0.6284800513147131,0.43203347545392135,0.9589202466606063,0.4991201909095359,0
0.5662807711237686,0.9572979031252523,0.11199680533145712,1.0610427560297893,0.5310600595171534,-0.19302899267679083,0.7430055309068713,0
-0.22627062026670297,-0.029625381350070017,-0.35238516603101944,0.5638253693154052,-0.21739439752780057,-0.02041106437107684,0.013045341841866594,0
1.233820738605204,1.6764439524819412,0.6487395850213026,1.1854179803668181,1.3070505332458613,-1.252269133498438,1.565362921837194,0
2.7196686067331486,2.135278527099656,2.27000962959655,0.6505194137838574,2.700957074767396,1.7223216437879205,2.1964166959313034,0
1.2822809437692033,1.9275595616856822,0.35654057094760805,1.4157068263109893,1.2333757363789906,0.1295566345371411,1.4486246984765634,0
-0.4105681924732527,0.0006779673062213097,-0.716003842641821,0.8877809352314918,-0.3353673317513338,-0.9609757654588033,0.0797382788158113,0
0.21564335228758796,0.4447855867361693,0.1638529722236293,0.6346696937561367,0.26924702388231825,-0.24179908560170127,0.38250257621397243,0
0.39129556232353535,1.0129743861512532,-0.2675062782396769,1.2918387572104424,0.41222815864127493,0.30213814714151677,0.8234295816582783,0
0.43093082806116334,0.4077989197129227,0.49784458223474864,0.333369465683026,0.3857965276533936,1.5046380874354728,0.35490146595382094,0
0.45312144609549876,0.2987294661331262,0.7148412605443155,0.004687108828836406,0.43846345439433443,0.5777289188011979,0.4987145072179478,0
-0.12173100351535411,0.08303843460010889,-0.21720130147926814,0.5719486380292507,-0.05841194113086933,-0.25635157457962565,0.26408314115847,0
0.2969148874699863,0.3058319061029544,0.4220774433065086,0.2795222972230272,0.2814198084412682,-0.2333491645556061,0.3451467833155345,0
0.07134020033020455,0.5063164196847466,-0.30299237454254874,1.006353740895903,0.11259604839889555,-0.5083084999304429,0.3814134434203383,0
-0.12157708015326624,0.12132120123630366,-0.26334410593219654,0.649524057933211,-0.0834692254749982,0.3937618668836745,0.060868504944895006,0
-0.8580490599563885,-0.5892459775484459,-1.2317330611846764,0.7213759684426112,-0.8633864039001414,0.00766611503369714,-0.804345164972521,0
2.0995370347747793,2.5923106817061585,0.8992046287420419,1.4497553212401642,2.0392337077049607,1.0480787955826192,2.145772021027316,0
-0.4449187561125303,-0.4721807837539078,-0.2108300074636822,-0.2253915967116491,-0.45076336601783135,0.5383974163719678,-0.4357066075996566,0
0.4500429788537412,0.39556175938277566,0.5511822290553431,0.2743840879543784,0.41441238812866715,1.301063500771405,0.3690236441907416,0
1.8670614502347243,1.7221193290858368,1.436244703594484,0.822556551065489,1.8209825522962066,0.9803935527773374,1.7566921223296335,0
0.3583303089430487,0.4050938574370276,0.3786190160978158,0.4281954751707112,0.32839301337237753,-0.2838776717702386,0.3682232412316612,0
-0.6844748153086274,-0.8760814900360882,0.05564247287941049,-1.741959181382256,-0.5063016955680405,0.44454088642812994,-0.1382600558885352,0
0.0659528826571289,0.4285785293272984,-0.2696369509495678,0.9265732702885662,0.06478841871979366,-1.0469768148338103,0.3134815265234333,0
1.1298711614085253,1.1165839775899684,0.96380006308346,0.6658772441914325,1.0740496933211212,0.8384567510794485,1.0242174253383858,0
-0.14894978471122677,-0.06292384587135384,-0.06502432188844688,0.261624004598426,-0.17802918294603495,0.5608823903437015,-0.12967125701256166,0
0.4648452755078586,0.5757551766550213,0.4020661014376238,0.5816884003603269,0.4415802762471301,0.31863751008449287,0.4727982634607002,0
0.871023374164081,0.4793550997020081,1.3783436825108264,-0.38065210967031593,0.8315020526031727,1.1303593990882113,0.7016550328290971,0
0.7284133791896643,0.5460798188486873,0.9446297531610663,0.11710985408895665,0.6773543513637276,0.3716350243056925,0.5926759669211016,0
-0.02457970814422328,0.2454594396292491,-0.23754807416322174,0.7491291358941892,-0.0524973421818634,0.49445315239876525,0.027050566221752097,0
-0.2566704842790584,-0.09995091105098214,-0.3231489213158701,0.45669119632141675,-0.25764312066626416,-0.9638544958882036,-0.18804950571295767,0
-0.32226749042217473,-0.3384632991659491,-0.12807991492240697,-0.08550042430233805,-0.32631136904517954,-0.586311456167293,-0.3234053211902734,0
0.6505794657605618,0.48147022386308297,0.8531064269700402,0.11709562981364663,0.6220123570483401,0.7495263523273925,0.5379342522128737,0
2.746502579523802,1.9568564521448308,2.4733296976236088,0.40813293247043125,2.6074278772791737,1.6265236105400196,1.9554332735116369,0
0.3978629591059514,0.6253435273089238,0.2393241410195541,0.7414792009896279,0.42773864219219504,-0.607514002375143,0.6473043825803283,0
0.27346722864526657,0.49396169770152293,0.1448351568737726,0.6937378802526454,0.2648294810988283,-0.37567838005467524,0.3404905578823465,0
0.24558144621367975,0.6300053055470803,-0.0398010975072879,0.9295142278334491,0.248631824226032,0.16682980775097062,0.4215651644635077,0
2.1055656997898877,1.8795642659807554,1.694177251691916,0.7867976756551882,2.1102088950930318,0.26682251436230064,1.8082907021300585,0
-0.4632612900946688,-0.5205582244610253,-0.2516692020815283,-0.26632952633067924,-0.4530948469313399,0.24504592496108016,-0.5058021708517009,0
2.1685203548838285,1.4218064009625009,2.412523899923633,-0.049609077019651386,2.0473816199500643,-1.186347769209391,1.5569020412423515,0
2.6939377513707923,2.5912622809962187,1.6535705238291762,1.1734255315194153,2.5864690909619497,0.6529211106041612,2.330961144025442,0
0.11074458102470071,0.009760656781191602,0.4243795353038947,-0.1282083456372586,0.09843536958737513,0.2982759869317903,0.10207646550940838,0
-0.13704637804309774,0.03139820596605255,-0.2007697010472844,0.5011474849287678,-0.1368233255378152,-0.9281135703832174,0.03032161941068677,0
-0.884523878235503,-0.6874692151072382,-1.1463811956282908,0.508594624207312,-0.8627973981956761,0.12413934049178177,-0.8457833784430706,0
1.6392548743446682,1.4156785464672035,1.518272902825812,0.5565947071114803,1.6005226254957075,-0.5276960059943802,1.6179556094224126,0
-1.2083529781747122,-1.3517300455112073,-1.263177104579207,-0.7253323560866926,-1.2089855009951687,0.41370111012042804,-1.4403950616468242,0
-0.1622385016381467,0.02733716340331912,-0.2359110653028909,0.5269166983176349,-0.16210148702111857,-0.4771021526188636,-0.012925724035866342,0
0.4326496389378113,0.9980354221286244,-0.11929726395019329,1.2091052539335465,0.48587841360379275,-0.22759340658931373,0.8502485629995107,0
-0.061931777344214435,-0.2345438542989292,0.3699315211143776,-0.4957660789564012,-0.06309944486223917,0.20569247206027935,-0.03358269903459097,0
2.3316278109096142,1.4123593925490934,2.593014470818138,-0.19927104150703195,2.21127245721754,0.8895920494203136,1.6670506457206922,0
0.4253639331323185,0.49984721240890156,0.4642732167355999,0.45974775379842303,0.41748012617275737,1.3597289149333112,0.5479886291098116,0
3.049859872305323,2.718062036160316,2.017820012929806,1.0834910996483518,2.978967767275028,0.8664347136042115,2.59535726670021,0
0.2658223683282354,-0.08819279611195932,0.9026113536495086,-0.8803533827652755,0.2324832511619411,0.14817593023550577,0.2891953271486051,0
1.769217499734198,2.0008226556154853,1.0684294319106944,1.1531655439135033,1.7325580709133501,0.7971946176598627,1.7565678588565348,0
2.4376040457071166,2.320229627919537,1.6656658205573773,1.045674002619524,2.4434634142986402,-0.011537216655838303,2.2782149545028654,0
0.21382192583621476,0.5816792149063595,-0.08759002190489364,0.9241010269869236,0.22131668468145274,-0.45186251610050415,0.48328025289742044,0
0.2917584548400424,0.5443208934672734,0.12981123098264666,0.7484427813762466,0.3259633648414581,-1.5968415357032368,0.5547280951214262,0
-0.29989729513207014,0.03844046173688819,-0.5956732132601997,0.8303372961280311,-0.32793113473245916,-0.32898768730082495,-0.23748078435021117,0
0.5965010578803549,0.722463866743016,0.46818319895204447,0.666968658212797,0.5843159919625596,-0.53747652233532,0.7492625622582191,0
-0.9351903182560954,-0.7611810027802154,-1.0103260015721056,0.24260961595449376,-0.8984813271245334,-0.941824400060441,-0.8620070712985803,0
1.4666041698694345,1.5856166515949548,0.9976436902803733,0.9676998820392654,1.4565107307539364,0.6392602636290328,1.3651525378261942,0
2.4367061594282706,1.6407326410279262,2.500670674668644,0.11358931271571714,2.396809254124116,0.6278801324030816,1.8755318603088538,0
1.0425196534236558,1.336993960453153,0.5426874819434951,1.0570489030034569,1.04347048049763,0.9576596758027672,1.218689760738629,0
-0.293483821711742,-0.42362046054973596,0.08206059835890474,-0.507585066976088,-0.299634319013771,0.8952328902119263,-0.3293224553946151,0
1.8215257889503944,1.9662446646416731,1.0816473595433618,1.1308118958598483,1.747135962098867,0.507174077561509,1.6754969070834058,0
0.4904735152954899,1.3812624369851376,-0.3936017761091999,1.5084643780194116,0.4967750191364012,-3.3165076291767055,0.9473348835703062,0
-0.6968656459567014,-0.531682688496762,-0.719748146034282,0.2720072824500765,-0.6145560356678961,0.2285329575911373,-0.472857731248284,0
0.011617935840108805,0.18965698851203913,-0.0001188985142824405,0.5061273771269814,0.04171902862823525,0.6845343556597966,0.15977126510775919,0
0.38644697641776726,-0.007793860654470736,1.1705994504639776,-1.060746916213714,0.3743354583206726,0.3447495889604389,0.3139310679114092,0
-0.6738027955372013,-0.5749214293880279,-0.6830533739225146,0.16295963424035328,-0.6313181563408049,0.4469545213585072,-0.3998931436908617,0
1.0643254630527716,1.5833100281006098,0.3121898959694311,1.292890146070833,1.0378503844008569,-0.1837284861791536,1.3370653380977429,0
-0.7646175791690479,-1.0339468833545007,-0.2204116176686449,-1.7647411640191035,-0.7280868852035867,-0.8079018783360954,-0.7207633600811817,0
0.013105861673624937,0.222562912296376,-0.12686216806029108,0.6424477689975335,0.021103828971949012,-1.0351133428319559,0.14603284171423325,0
0.011438358584339618,0.4100338293658211,-0.32357652980391904,0.948167016344704,0.029718037399754333,-1.7385941630267239,0.18720059939039027,0
1.3681958337079194,1.4589571060578372,1.0263721521677147,0.8743494749434355,1.3245734529537045,-2.131769325576073,1.2063657480536143,0
0.928051979817639,0.8703781464656327,1.5629761299317761,-0.012807475820060197,1.150816770136435,-0.5966923263265216,1.3670347639628433,0
-0.9859593738514132,-0.9509868073945901,-1.0856951310270857,-0.005835609017606881,-0.9447182749250612,-0.4563355468932412,-0.8948711051252858,0
2.180038953146738,3.3611444732534697,1.9556315441304615,1.348234009617539,3.160160647111172,-3.7907313057188436,4.107939773768053,0
-0.024425784782135404,0.22030349816518444,-0.11771680506043307,0.6330197664450733,-0.015610859939722667,-1.715129913583862,0.1521400259362557,0
0.09388997287607832,0.01974502189686835,0.37563864870570074,-0.06159354963790811,0.06542650823296442,0.3404759837222669,0.059585667325547834,0
0.14460772068403335,-0.2943777051310196,0.9272104527404883,-1.4337271227457629,0.10268111904039598,0.44554409595990274,-0.029734186176548626,0
0.16436121881864404,0.16447841114609196,0.2961990282302542,0.21767391851129644,0.12648676626253605,0.3244821178709083,0.10498203789511046,0
0.9447270107104921,1.329335197773593,0.4204365113958004,1.1152222895270294,0.9110423646103437,-0.33077409639486566,1.1698432513865475,0
0.7325949638597182,1.0654435564987836,0.45192647049219875,0.9379679118396335,0.8330972763860995,0.8964535085916765,0.9812515021103221,0
1.6723227432998802,1.222511547983465,1.7365016271158087,0.23878438262790785,1.5762015982821602,1.4599379263194536,1.221964468735596,0
1.5402308447348017,1.8976601247479432,0.9058068583221535,1.1759647308334935,1.5782385763434361,0.37085105750613934,1.7097790064266543,0
1.2116814283582311,1.3085861536543988,0.9423398186167379,0.8210232871837703,1.1764876020893817,-1.215233822555798,1.2553072824145364,0
1.0339255990404161,1.6044099765559172,0.27006200532276736,1.3206249017268001,1.0262175217376668,-1.4600806290027735,1.270273721306925,0
-0.2008476116285222,0.07228172485510403,-0.2800966439099716,0.6126998684958049,-0.19147814653132644,-0.156185659473125,-0.01205587972417176,0
-0.6959934135715368,-0.738244657610261,-0.5858421250730087,-0.2603981253859264,-0.7012134999373564,0.6749487175890262,-0.6516143921095112,0
0.2206202076617626,0.3377729520423126,0.19511324672820093,0.5044812717590491,0.2084076429919211,1.0299602999866466,0.3622841781791261,0
3.466119951178301,2.5922893840740464,2.711279500087229,0.7151032845933102,3.3373041127291176,1.3292862494160147,2.5963769581412297,0
0.527825584495481,0.44524741397603207,0.6984950044720512,0.20712167753891986,0.5036222104508106,0.05992519143856899,0.5517457717670462,0
-0.6475588623012186,-0.19824576328819107,-1.1164284197725625,1.0169701683567063,-0.6501663388836952,-1.3332944806678677,-0.4939459735948241,0
2.98667433216825,1.873528854711738,2.958202916006421,0.028534649210902322,2.8471531989965593,1.3937518651673795,2.0421435940786505,0
-0.25189886005433426,0.36570251623934674,-0.8085507247012717,1.2221762772890084,-0.2017121206464114,-0.47027057827537344,0.1793573813530117,0
0.43416321866500873,0.5582596827797502,0.3642552575214341,0.5930443904343292,0.4410403543513702,0.5746983502419561,0.5500170475677537,0
-0.060418197617016986,0.3465938778473864,-0.3234405760927707,0.8980627598796552,-0.03416453963038028,-2.14709402952393,0.29345683331430084,0
0.25022480096999733,0.3982110791011618,0.14867927387655608,0.6015878734869732,0.22266648942085243,1.4509593974976913,0.23356549408852054,0
0.2371669690862092,1.0113842914343132,-0.45689754789474846,1.382421213387167,0.28745711691203774,-1.5570502148704484,0.8543675316519457,0
-0.7422730377726247,-0.653561392038305,-0.8498342588164042,0.22899871266686353,-0.7533405047825373,0.6633492126391236,-0.8243186908692004,0
-0.10043827175986465,0.17296654668273892,-0.26335967003410327,0.7005554956459066,-0.05752843257417135,0.5673257800476272,0.0660583323508029,0
0.5829301481229405,0.7213799889498743,0.4222327520672236,0.6975563227063608,0.5731003416733658,-0.18355821564138813,0.712374584787919,0
-0.5390172381355849,-0.59238024070256,-0.3619551251766718,-0.264421922505843,-0.5320706951383983,-0.28815831313569973,-0.5180238489118095,0
0.09904640550602216,0.4701379020431746,-0.2283396361192058,0.9312456013065615,0.11178616555525574,0.009808447375159705,0.28747391256537796,0
0.9836952752124061,0.4134421532679137,1.8300597534707894,-0.9972642524625216,1.0698284857724532,-1.3959895560377982,1.4008088449895986,0
0.3543796093161265,0.10832948353765694,0.7785260648230518,-0.3503331333179836,0.326945041015567,0.9493881280686796,0.2657789720854706,0
0.22159505562165246,0.16795790133724547,0.44903879717459383,0.07888342141163525,0.23378397209263535,0.06643546177794535,0.2682898252036813,0
-0.21567556217632086,0.035044484925536884,-0.37966800386976995,0.6558534616342119,-0.19908613688067017,-0.06345749230389754,-0.06313182197597363,0
-0.02940264015631005,0.07156230655321572,0.07638328595045293,0.30195001342677297,-0.052472800277510674,0.0046750124118266935,0.06825121717020016,0
0.647552306306167,1.0175927818569497,0.2165076059656978,1.0403511990366443,0.629080425501924,-0.41779349420317885,0.8031015393824622,0
-0.8832924913388001,-0.8644663026533702,-0.7763333459979391,-0.2612609318175145,-0.8478513784448686,-0.8463299120804912,-0.8372567113036464,0
-0.19317709741780972,-0.2296051447586297,0.031511371681362456,-0.08498665544252466,-0.16352491747357642,-0.6730316688610007,-0.04491260393481235,0
0.0417356070219698,0.292349697874877,-0.14283283809469208,0.7214118282394769,0.03008616596504516,-1.3980659808252454,0.12041263740760476,0
-0.08776524828129623,-0.23299462682262023,0.3355284148931515,-0.44973403089094155,-0.08729776255402279,-0.45964467872593856,-0.09247262085951345,0
0.2682338343342788,0.7689284853566548,-0.18571188480463025,1.1116124919340356,0.31246531744746114,-2.302662429614626,0.657062720026647,0
0.4323161383199542,0.5046472756489562,0.37958577580424097,0.5299220417566723,0.38714633239279334,0.7878600720251546,0.3918735040088643,0
0.31764323356448687,0.27227562977411596,0.46458079389298745,0.2009629319073372,0.2634551344550759,-0.3230829355965723,0.18977358424514995,0
0.8930857227300099,0.6273797099370513,1.3637480716571282,-0.15067954336794182,0.9893555813998787,-1.0526932004282532,0.9628422340514801,0
0.7567096239201521,0.6580156065590598,0.8474939469721896,0.3252210164568919,0.7650916594247077,-1.5177402137982772,0.8826155429338192,0
-1.0209512848327236,-1.1064775056784382,-0.9081471061165657,-0.6505593067462175,-0.99412112838709,-0.4202330654963786,-1.0093250734657104,0
1.9978450002220558,1.5890308614696298,1.8457174001130696,0.49341430921060003,1.9576564176365137,0.6795802296636982,1.7173371494375114,0
-0.09941211601261214,-0.01586213388352051,-0.04904954265893084,0.3076582682830927,-0.0961328481210026,0.0998074579591845,0.03771895086812173,0
0.5617400319421763,0.9977122868902293,0.042565080520297956,1.1235407321368187,0.5457852021287865,-2.2246651621615405,0.8770127222202578,0
0.7515018835028456,1.7835571669443109,-0.34059177805272167,1.6235112029654288,0.7173821973630167,-0.8728200143802636,1.1637908892850104,0
0.4945524843908186,0.913348584100705,0.08464635892349441,1.0488240259927781,0.5157459112010551,0.5616364536022779,0.6900583269425162,0
0.38839667233754704,0.39870055816768035,0.4550409081309688,0.3586989118935937,0.41394609194596543,0.30270629570697305,0.6329811899016294,0
-0.8908860438684686,-0.8936928451340325,-0.8457985388322441,-0.2247556142963771,-0.8750192665633315,-0.9935643936598326,-0.844986630292023,0
-0.24738377476642326,0.1920610685705772,-0.6381583717013302,0.9916582476940657,-0.23307667440918975,0.6359637631418671,-0.016869261902749497,0
0.8883654062926484,1.3310631860140323,0.3246659807803582,1.1639534159885445,0.9144046055066666,-2.2458485835766013,1.3186706892710298,0
1.3921052626189028,1.9986422563116546,0.4193572682275777,1.4179343987836037,1.4114272524579867,0.6132052410086809,1.6690534805224087,0
-0.13389094912029628,0.04529146478859865,0.20788097630824653,0.1436231167199156,0.06729169296377127,-2.0782954879931554,0.5648628777950759,0
0.2295734165565407,0.40156520221529973,0.14922153751500353,0.6044273224378867,0.2154266276367995,-0.10106312253211787,0.33907980198186755,0
0.4768769516443942,0.35680975587261426,0.6626303698357529,0.1295828707423552,0.44948276944870647,-0.39521304597233053,0.42202567027558113,0
2.4196206662365163,1.6345281102282163,2.4419081637313984,0.14779007607489206,2.3651992813178104,0.4177123389205307,1.9345752840711339,0
-0.9777501278733931,-0.8127220278561662,-1.305544439406292,0.504019968762058,-0.959811546101985,0.47610761070600083,-0.9008649902983058,0
-0.22439788602796715,0.04708171102880168,-0.3521285905300976,0.645697428766526,-0.20968823956104596,-0.8404211370587746,-0.06491171348771829,0
0.5895488526927192,1.1130160745030138,0.09826073281394009,1.1599843446630413,0.6106985391417354,-2.6374481027277934,1.0630022481774648,0
2.153512827080261,2.072288406681242,1.4895933629779237,0.9990707900786923,2.073616915703124,0.7232871366195349,1.913943892728635,0
1.5914873243100642,1.0047927299130075,2.0034872744731973,-0.2175977684176908,1.5828524543617477,0.2309071640103511,1.3831086096890282,0
0.24907037575433827,0.4826412719961385,0.055680962807350826,0.7473839148010322,0.22112034944663095,-0.19833911677273108,0.39097442123291176,0
0.24242601729087832,-0.07662180094940302,1.0285395614422135,-1.025022327510642,0.2363117882409657,-1.2380274130467996,0.32367478612559974,0
1.1367720588087984,0.7652801972679418,1.4179896593391983,-0.01926363509589226,1.0460964642633712,0.8526276424305881,0.8312070131510748,0
1.1525235495291242,0.9058409751975538,1.41051248944706,0.15180122200913543,1.1933233484753487,-0.2048957394719321,1.1320817747965206,0
-0.49327634570180456,-0.46385035968799876,-0.3874745578753481,0.003476018136006073,-0.48188250073708244,0.36615567760583984,-0.2879938861650352,0
0.5440388453020706,0.6334840093322869,0.451267273932266,0.5995776643366604,0.4937809068053692,-1.4703805462719712,0.4796583381373821,0
0.5549930579039911,0.6191169452380682,0.5175145486663095,0.5377132113075824,0.5470368392507753,-1.198290397643244,0.5761818182711997,0
-0.28868654359333656,-0.3146256353421989,0.01533808610273865,-0.2122549799495635,-0.2349418591399966,-1.2564441019628385,-0.12975166278927266,0
0.8536556881418325,1.228532180511773,0.3231387372683482,1.10857917630251,0.8159179433391943,0.4544003720700245,0.9227599543609241,0
-0.0411008156749886,0.05899174976672384,-0.011585240196915998,0.3663646884754833,-0.008861836242724196,0.10550846138173643,0.12390663388651124,0
1.2085259994354296,1.7993487243566446,0.37236841792958775,1.3595328699502873,1.1857153581260051,0.6964709397608975,1.3498717854430253,0
2.243250147177492,2.4324016530111536,1.239170818302422,1.2696655934973886,2.1787053501414784,-2.008762326119371,2.0955586134711432,0
2.757200253188909,1.5426299046593523,3.08334718224341,-0.43322691448831374,2.6073297096617627,1.312690551411119,1.7294418736405865,0
1.1208666447263844,0.648314947736234,1.5981156507540173,-0.34109498717537096,1.0558886841001072,0.1125524481743068,0.8994971012351479,0
2.26118221886073,1.4969316282936853,2.369076287123711,0.06213997598629403,2.186755094769171,1.4283649518646828,1.6698904315618122,0
-0.552562493999318,-0.05493214547225063,-1.0229321955497397,1.066272115872615,-0.5079950869683784,-1.3378550887896232,-0.1430551640269509,0
0.4908583237007096,0.5820775174465285,0.4023556966130755,0.587416606867607,0.4646251244343358,1.378771295211116,0.4383845910282876,0
-0.2868138093546007,0.3710942990796242,-0.9357504771867309,1.2993384288203844,-0.2657910329113678,-0.7204607994311788,0.1458720301608104,0
0.02418834374395198,-0.051070426637046216,0.28382730656715444,-0.07418257611298525,0.027754685051536596,1.1565619558243727,0.06669792375646037,0
2.004489358685516,1.6721043394090538,1.7254916242605716,0.6284876730447848,1.9534106681834928,1.496218369340026,1.7368867176024414,0
2.4145925030749793,1.2847096644861613,2.9285476474782577,-0.6515681335616416,2.314004868838033,0.3237476472327347,1.6894363449187093,0
1.5461312402815035,1.4523750598760345,1.4530485154403836,0.6250889353374499,1.5166629383224572,-0.17500093751482593,1.431585983429844,0
0.41330660310210154,0.7377345793911072,0.11243367502057526,0.9127355651408124,0.3758079725818359,-0.15761861544953742,0.4354936378747153,0
-0.4274741084092377,-0.11893485236309857,-0.706607032128321,0.7675062127513259,-0.43088442349212674,0.48554665031618865,-0.2949124377702347,0
2.095663296828901,1.587158575498488,1.9573751038396718,0.4225069836377174,1.9856341885986166,0.76002693021605,1.614037655211756,0
-1.0402943206684332,-0.6114545471287499,-1.640870737207238,1.065524477327407,-0.973039632548102,0.2210440667392901,-0.8236644802314135,0
0.388807134636448,0.7885711321896002,-0.04248709401058243,1.041559387268313,0.362481718518308,0.7887681441336944,0.5308768179024457,0
-0.1599296512068286,0.1685853998211982,-0.4179265038620596,0.8141304293622398,-0.16310770509958014,0.6307356024435986,-0.013342372151551173,0
-0.6484824024737458,-0.6357200804592471,-0.5129028669705716,-0.15237523429372515,-0.618261863225157,0.14595782853395728,-0.5822424808478684,0
1.380407087100224,1.3575989569049398,1.137044803964728,0.7425562467204357,1.4309380664184004,0.4170325105474717,1.3007621299126157,0
0.46579446957406717,0.5757621939484394,0.43000622234846964,0.5610675880884615,0.4615328444858928,-0.036422071426148665,0.6654760881170696,0
0.961453349390708,0.9103081214129594,0.8996734152481615,0.5340810248825029,0.9466281259217901,0.6819179081029437,0.871292947649663,0
-0.014164227309610361,0.02202772813051887,0.13167260029500752,0.1857172561440201,-0.025182202637284136,0.6790370630927375,0.002230764874203926,0
0.5378819108185556,0.3559370022076433,0.7999372611522707,0.0025147495868594015,0.49218568302244226,1.320047608441825,0.37183784637563505,0
1.2929016557532669,1.08692991655346,1.2762857491096342,0.43357314856325235,1.2772075775529517,-0.04290374814186093,1.500040537875372,0
0.10825615333761339,0.19647408815472917,0.12005178049752933,0.41244207918801573,0.0848391545759673,0.9796844009695411,0.14150087975414485,0
-0.28465888228537045,0.23380650648564674,-0.763537702713523,1.1065707507256588,-0.30657967794559127,-0.7693962039211635,-0.11047255041873517,0
0.4425007341114353,0.5128853953168282,0.45227348831677616,0.48239394113407463,0.41114831484975517,-0.5446221025721729,0.48014077279764983,0
-0.38173321597545734,0.028392662461676158,-0.6804564706939187,0.8856015192423409,-0.3394167459695329,-1.4578394540433854,0.06333550036671796,0
0.035014286877465904,-0.19608436275873736,0.5385897997804877,-0.6329941546255791,0.046651951403132316,0.2684699412292853,0.07740285648315326,0
0.1343718171051896,0.3417749132714112,-0.0045499679033605455,0.6637005423358108,0.09742915150891353,-1.2558589993247127,0.18346173077331773,0
-0.4297059971595119,-0.5706514580803922,-0.09536943280528291,-0.5833853438495022,-0.4474011251215084,0.5303350811460914,-0.506924196917626,0
0.07364905076152269,-0.040471672390062705,0.41630249097789157,-0.20031794373852874,0.020711158502305465,0.7597424723146802,-0.010546444006819712,0
1.285692911628818,1.4471859714440396,0.8549341341082929,0.959076016321791,1.250972281799892,0.9215990556206518,1.2607090886863193,0
1.966008518163547,1.2921020243905676,2.158827427597505,-0.00041332413233393837,1.8744348199764345,1.3271213864967442,1.4197407505970647,0
-0.41821305279028387,0.5130913224399084,-1.3019161682349745,1.5602487496072188,-0.39338439364116795,-3.7231946636763285,0.06193205408230345,0
1.4480564047378455,1.512640306107325,1.017636243540128,0.913079761584619,1.4072796706223767,1.8852941456540147,1.3931191288895775,0
3.470224574167311,2.2705540181101376,3.148893151675763,0.2606821781078206,3.3065285646708045,1.2244460440779759,2.3634268037766235,0
-0.8096401625797516,-0.27703131106399337,-1.4339967478197435,1.187141577016514,-0.8014426373138719,-0.8073199382126286,-0.5766286957102104,0
1.3964664245447258,1.5857852382321451,0.8656173508701872,1.0345385109690022,1.396235813663652,-1.0477756211252252,1.4151685857486207,0
-0.235300790842525,-0.1982365730309715,-0.1734735888870522,0.18287696525780714,-0.2815223936014624,-0.19643047368015393,-0.35517291260727984,0
0.14432552785353892,0.3165212255146465,0.08925009857276492,0.5666514691605965,0.1754969492549213,0.25226151092183263,0.34011411265501634,0
0.25086614831203013,0.7920677689621761,-0.2511424745231986,1.1623737902749183,0.24652122045169791,0.49543012615803966,0.485447554060592,0
0.919688810477531,0.9613622215171455,0.7803087849815664,0.6586126830136412,0.8623757682788965,-0.74810718445746,0.8574814280954898,0
-0.04900221492883288,0.3987392222644575,-0.46933396586262244,1.0349524329492525,-0.04459484898028701,0.577921102384324,0.133716138645283,0
3.7773529893199855,2.9492544852878457,2.6763484833878906,0.9216133851317927,3.6299172383266183,0.22764127816213348,2.8366550026106556,0
1.6625486098073001,2.0022593856515765,0.8592644671695875,1.243390521009276,1.6517170379754849,-1.5867381434574048,2.156561014338752,0
-0.09933515433156821,0.5890094642621176,-0.6007820236284699,1.2371201746382374,-0.06415474674940622,-0.5363874945063531,0.33681016619379067,0
0.7580692802852617,0.7708559913392486,0.7040244719232881,0.5447809922655058,0.7330890161487585,0.23498085715324465,0.7611662720195159,0
-0.5512797993152524,-0.5807595407176277,-0.40098540126539417,-0.19092428328377606,-0.5467958377500314,-0.19768262364097117,-0.5514580327915586,0
-0.003620477006590882,-0.21774390457921267,0.4596934076936321,-0.5759884880488604,-0.03622605959600891,0.8267516293677992,-0.1439579016109365,0
0.1939401582331975,0.4366141572243852,-0.01283701551794503,0.7560005686779888,0.15797402954707798,0.7193991336125056,0.2172613954562994,0
-0.23132443732192157,0.16664253477859495,-0.5119102551627798,0.881545086051507,-0.2606126910929435,-0.41415018375047624,-0.08506432497798178,0
1.8636751362687909,1.4039754471775607,1.8468144231060393,0.334590349412751,1.7752855263914387,1.6041483514999166,1.3987036755629767,0
0.8535787264607885,0.77830976420194,0.9531621655596528,0.3691477609956754,0.85086561513747,0.6550396398767111,0.8666878895289273,0
-0.6547932603193487,-0.36516049194951367,-0.9802370118029081,0.7439238265978566,-0.6771133498629837,1.7203353413117033,-0.6871062329114612,0
0.48980651405977577,0.4386001081726436,0.6839695681827612,0.21165732700803466,0.4448934333347475,0.30830254317058137,0.4341303944786563,0
0.609635851445187,0.5189427586939598,0.7890710220809224,0.2172461489110018,0.5630381608887498,0.6596556949270721,0.5018686065498474,0
-0.673366679344619,-0.7773202231909923,-0.4614176505118358,-0.5264409834562401,-0.6872982401693631,0.6604989635547593,-0.7660647056419035,0
-1.031161534517886,-0.8539733907138203,-1.4065939527079154,0.5570542708473939,-1.01765681466135,0.9110438728930897,-1.0665301287877291,0
-0.6655422417718188,-0.7328260119361361,-0.38144989938708285,-0.5410157143332001,-0.5840013647487575,0.051866430415651164,-0.3738343624203533,0
-0.07565661046371668,-0.09122418063982451,0.42819052454810685,-0.29968736844064975,-0.010260724790829335,-0.48097542841265717,0.02461646407222099,0
1.0130176756901463,1.8014963662311727,0.0779368359171123,1.4766887206632502,0.930504094762052,-3.0837962148529443,1.206654477888168,0
0.9790519204560885,0.7899743097675709,1.0720228239616643,0.29041225395302994,0.9389219679550356,0.7498482925770596,0.9070186961656816,0
-1.008611761972012,-1.341651950636714,-0.5541495584386118,-2.376813403353317,-1.0082572652942576,-0.5597772470802358,-1.1204933693850714,0
-0.07773457585190299,-0.12631214897201237,0.19236677320084541,-0.09479531245284206,-0.019463938923099975,-0.03437508235206678,0.15962507278646615,0
-0.22788681556862567,-0.4651361222017212,0.2871128252304026,-0.8916408769714925,-0.2111116700135038,0.38205689487685895,-0.07655958668675146,0
1.4733254900139383,1.5409092510340292,1.0432092058608962,0.9170289809620269,1.4158202533371238,-0.3183590369250287,1.3610847364862115,0
-0.019628506663729946,0.5702142060532025,-0.3657916162498946,1.0892420605648874,0.12420436915773292,-1.1700721962830238,0.38534967167115697,0
2.394069388129929,4.4729659755522935,0.7785766861838174,1.8781814427395924,3.2985769876605224,-5.3398625575392415,4.335049544896997,0
1.401084125407362,1.2891905038226634,1.2748397567746803,0.6073323315611356,1.3427590040790713,1.0357658722370944,1.2673096719927055,0
0.12352022007799439,-0.2785982904473555,0.8485558086253718,-1.2654175432179757,0.1099455227288016,0.8138104696782968,0.027350260480403493,0
-0.4949695026847712,-0.7116370099056212,-0.02992583897533533,-1.0414612471540776,-0.5073569974552076,-0.535766051019305,-0.5009558954008322,0
-1.0069955666700894,-1.1047375187112956,-0.9712502541270167,-0.5371237908684844,-0.9924277369867522,0.8105848918571538,-1.1107167578985906,0
0.11974909770684143,-0.0561345273984036,0.5548989109706554,-0.3837507306779666,0.11770076450426166,0.8730642051323013,0.14145336724972404,0
0.3366784226760208,0.2953331081908225,0.6510578515952705,0.060059897284289517,0.35249316344675025,-0.24916503135704274,0.528497537873399,0
0.2338576168013199,0.14370148755641543,0.45931267965759665,0.035323694194489386,0.2233045789340232,-0.22921719880532757,0.23392001046765643,0
0.2298043015996725,0.2289160229451367,0.4583293110368671,0.15136624056832304,0.25844858596712067,1.668751639561023,0.30277659379674043,0
1.6445139225493375,1.4077084739562193,1.482751425011958,0.5722489319784714,1.5808400182048246,0.40607209554215196,1.4403940707877578,0
-0.31903509981832934,-0.3714529406921598,-0.07813297455408982,-0.20244566933158006,-0.3308270794460803,0.6659774494518049,-0.31978706123826733,0
2.0642372770692927,1.5818700636251453,1.981103750107883,0.40307852899828683,2.0208027375360667,1.0616589890773904,1.7380416369406568,0
0.2957604622543272,-0.06944008056774849,0.9551714999226082,-0.9090829736013754,0.26397051444648306,0.39779272573038793,0.09298330312497284,0
0.3827015079402956,-0.12098763315797453,1.2620747332987725,-1.479884918279316,0.39225104849815945,0.4661780632008929,0.35115894252871616,0
0.4274932063078674,0.9592792037585188,-0.0885699418440916,1.171442020580547,0.41556585763324505,-0.98384411480225,0.7111904269854449,0
-0.3618514483724401,-0.1926728690888142,-0.46728431214925464,0.477024864344057,-0.37009412641043504,0.06873563915579362,-0.3155145906484748,0
-0.40754103301885786,0.1517433791078878,-0.9354653054507351,1.1600933420499289,-0.39718838881583984,-0.05865000219459172,-0.2719456240950769,0
1.0294618215398676,1.1191860853583395,0.8041137605998552,0.7671401370678504,0.9713663655093336,-0.5937565583546309,0.9527842023465091,0
-0.3722412753133717,0.12344650124889268,-0.7379316146357396,1.0067101786358275,-0.36884248928844626,-0.8434714666563591,-0.06690723867337028,0
2.597838265640595,2.143295573569382,2.0527786110751673,0.7674196595870051,2.567669992227765,-1.6348650856940583,2.434110791121873,0
1.8280931857328104,1.2010536080533614,2.2764210688271485,-0.19938207726359009,1.8258663912623982,1.5430101315712335,1.4543335086230613,0
0.8469343679973286,0.5318293265018131,1.2152092269071453,-0.14461629092418074,0.7864185743072228,-0.5141508247181106,0.5321962036021161,0
-0.7161060662176858,-0.24587457571375224,-1.197316918827169,1.0376160946722834,-0.7243074319332675,0.378055228473153,-0.4815671387893249,0
1.2772784345013475,1.0962154013243175,1.2454625184295818,0.46321220677143843,1.2498678961040197,-0.40688435310416493,1.1428196007955047,0
2.022806238773973,1.526821931885161,1.9048982743497447,0.40480152743079645,1.9111740507924588,1.0106903122189144,1.4921022948291527,0
-0.8195425655407382,-1.1388321459595718,-0.29200172073220915,-2.0514796669,-0.7989884468785997,-0.3378685150040387,-0.9165404619489662,0
0.44904247700017,0.365467010939955,0.5941117349999848,0.20127110238283857,0.414952310024427,1.6375127688738373,0.3436519668303114,0
-0.5217008599006989,-0.05489576126289059,-0.9340278797768095,1.002149825012555,-0.5034057508544194,-1.6432734075088702,-0.22244855891324133,0
1.1512408548450586,1.0255641296907363,1.0789220804958264,0.51374507477208,1.1148383383553448,-0.9142143558830822,1.052542187588938,0
1.7032356851858619,1.3079364728316432,1.7768231712332139,0.29316746506169367,1.689020732591622,1.1735277803230006,1.4250438770519747,0
3.5207114369321344,2.6651038230636006,2.7183681678986025,0.7539283221898797,3.387001469043379,0.8360907971393167,2.5144580909046,0
-0.5436349389982212,0.019524025442284952,-1.0943188624309925,1.171213479459346,-0.5088049698120182,0.1767020557301266,-0.2951244166361098,0
1.3790217768414332,1.4071189264575106,1.037243891515817,0.8342122922620044,1.3617789799524307,1.2160078187221872,1.3328769280926935,0
-0.26121122346065073,0.2518995507473403,-0.5585705359807492,0.9839379004111065,-0.2011476568462988,-0.9037456089851635,0.14339407031489154,0
2.3566660111425755,2.2376652279729154,1.5625174432788227,1.050388939994869,2.2276173655164526,1.495086525927981,1.8861673516829316,0
0.4434755820713252,0.6618499865778695,0.2721958545025301,0.749610069277355,0.4199097747036768,0.014270811698335105,0.4739714568390776,0
-0.5352974235517947,-0.643323756781875,-0.11636824048067342,-0.7238052405482728,-0.5228920229104804,0.17128399444748402,-0.5233744878711398,0
0.24858295177439332,0.17981116708442774,0.4762077764823586,0.06907703541100475,0.2623998325679089,-0.1836178543054018,0.3247237160308784,0
0.358279001155686,0.325409520095853,0.5068896772710015,0.22898677047933735,0.30159325381920543,1.603144187599815,0.24822492910619331,0
0.013695901228295126,0.634231620977207,-0.5476383055976914,1.2338337799027939,-0.009720802895069457,0.5174090977843322,0.2360507635505039,0
0.8089152975616233,1.1435340654193442,0.4176774781025674,1.0076499113662813,0.8426931609880137,-0.5866921181388526,1.1105403362539716,0
0.9803602690338353,0.7739034980513163,1.2349951234804772,0.1435555181779108,0.975832992101529,-0.0935101580104913,0.9368565489416182,0
1.7109575071839371,1.641981033737993,1.2831897052980241,0.8529699238741345,1.6813145746248672,0.9457719141912826,1.5345638545487545,0
-0.1326852161172746,0.34868106562702134,-0.5423206908730721,1.045794764944401,-0.09043912631117117,-1.243091927646292,0.2853687431387562,0
3.3518062009343725,1.2102999010076618,4.7594436292248785,-3.0366203608792754,3.3640302465692313,0.6075344966760914,2.8564275140655577,0
1.6063409287515442,1.5243489637004048,1.2474017502841566,0.7956356255785384,1.5392414903269613,-1.0685035655769692,1.4303433486988522,0
0.5770040986825573,0.4894446500622545,0.709285446607303,0.2499764279586874,0.5420057488584673,-0.23219553908993446,0.5489717724705082,0
2.1410706886448243,1.5410210620936171,2.0963588069654024,0.2926585816422313,2.0362395953739285,1.351640736910132,1.5576366576568499,0
0.5934225906385974,0.6036130571906613,0.6357794218140083,0.4331695956808903,0.5571481038440966,0.6154352255315798,0.561116699561938,0
-0.8543292453725981,-0.7283910255849863,-1.0089229025889845,0.2941693569890004,-0.8521462117065949,-1.1863512311337236,-0.872123579932068,0
1.4009815098326368,0.8722395624440443,1.7600205022759714,-0.17874398316190934,1.3173090492652988,1.3311756367240708,1.0375867131206469,0
0.16618264527001725,0.5452501614368176,-0.1938356034223456,0.9652118192164847,0.16003554951270663,0.05386115378889021,0.37927172591339325,0
-0.4875555274108719,-0.6412152523998089,-0.024687942235634117,-0.8596540711049052,-0.47383275610938974,0.02659554301279446,-0.4555229767509463,0
-0.22437223213428584,0.20270014336809206,-0.35075033486395985,0.7947694624838533,-0.21182338523973274,-2.2690004925924003,0.03335876488555291,0
-0.055364380561798404,0.3349537867473912,-0.31922318284811313,0.8856737705846817,0.03649160300110552,-0.3455248694279781,0.22288979982608642,0
0.5049166574380689,0.2749246157873469,0.8327095733455252,-0.14369213399675196,0.4350766715936588,1.1313858690088674,0.25280805837873394,0
1.5879470869820431,1.7844437310014405,1.003468239172922,1.07520769705632,1.5550464767301142,-1.9780292332203726,1.573209794682605,0
2.5547910320433527,1.9808948202179537,2.158215599869326,0.6055574876391827,2.4201486051635546,0.27019296903841605,1.8879691720428706,0
0.7046578736407688,0.694504111283455,0.7426417608928435,0.4434740418011569,0.7015772109598639,-1.39876257613993,0.8287144340730261,0
-0.11688241760958604,-0.007352229905937523,-0.13309225427940166,0.3957143757371402,-0.13122777134539465,-0.5747729372249287,-0.13462352189636795,0
-0.011650145728841727,0.0845537060678773,0.09617509712269609,0.3000706698249209,-0.0070457353206227905,-1.1795184217253367,0.1766930262974435,0
0.3040723238070725,0.006700233868816121,0.8876740130830176,-0.6631136033902245,0.3700406250589463,0.778289105028306,0.463873222245752,0
0.146711339965901,0.39160035583319514,-0.00624644300181351,0.7111734408058668,0.15871028667765966,-0.761804372281511,0.3385864028975031,0
-0.05631357462800697,0.6997618075983214,-0.7849334690451089,1.3936604292508636,-0.04881605652895514,-1.262909311146601,0.3909013250722652,0
